"SURVEY_YEAR","NUM_MALE_GE25","CV_NUM_MALE_GE25","CI_NUM_MALE_GE25","NUM_MALE_LE94","CV_NUM_MALE_LE94","CI_NUM_MALE_LE94","NUM_MALE_GE95","CV_NUM_MALE_GE95","CI_NUM_MALE_GE95","NUM_MALE_GE78","CV_NUM_MALE_GE78","CI_NUM_MALE_GE78","NUM_MALE_GE102","CV_NUM_MALE_GE102","CI_NUM_MALE_GE102","NUM_MALE_GE102_NEW","CV_NUM_MALE_GE102_NEW","CI_NUM_MALE_GE102_NEW","NUM_MALE_GE102_OLD","CV_NUM_MALE_GE102_OLD","CI_NUM_MALE_GE102_OLD","NUM_MALE_95TO101","CV_NUM_MALE_95TO101","CI_NUM_MALE_95TO101","NUM_IMMATURE_FEMALE","CV_NUM_IMMATURE_FEMALE","CI_NUM_IMMATURE_FEMALE","NUM_MATURE_FEMALE","CV_NUM_MATURE_FEMALE","CI_NUM_MATURE_FEMALE"
1980,2741280374.09330976576611115660625418565,0.1468469832976562033850978334483132786875,788995556.484999095981615369317138831824,2567047139.141595408521905926224136075862,0.1553500906445778226140492854923298114516,781630371.278920008907838511221229367505,194807158.638608847230906950334950190919,0.1703345150315874784818683543953380815207,65037470.46712237179081733652050245484311,513358088.053735775549364703742117383282,0.1777501630259239324872198276903300937733,178848988.330767168667436405328475212142,116566124.949864141659218102159517200343,0.1580718274953185299094307516286732222993,36114607.97395043304567967601487505429537,79197906.27454473853130754929729865503002,0.2084993818962734222118750638015200547502,32364920.43121428215740059702347879575646,37368218.67531940312791055286221854531349,0.1705641834660452217112445473896503109151,12492412.22363549299146428807365190683354,78241033.68874470557168884817543299057631,0.2131196040367491240657706309620723163868,32682408.31357559191068960976612694786391,898547426.173493130283411122272425131086,0.2111296396957563381137470782574498543498,371831588.901615292730568525248939282727,4830338598.182635087514802240738089986316,0.340065767089668212179916329590988962536,3219560289.35986844954144641465056983696
1981,1655075476.743356554271050610126035915763,0.162601980864601335644199801701827725421,527472359.95783262289524553365975694974,1575406457.960694055915492459718370248721,0.1696560401541357934617997403401803363751,523863353.73009413305752107705333782483,79791045.85831378610864812337187737341815,0.1129495154898774815021479124866020933005,17664225.54144918940254623318373746669536,318814359.981617727202482073553648814459,0.1135583763866240032945096081712196306164,70959920.53297623891087787030094204330359,40286140.8822241840655292629802000892245,0.1114266667822837324938718325917236560849,8798342.77621435501814059544476858185432,26720953.56667065299035832468157148748674,0.1344614831604702627689472974570641132642,7042160.53415172387532719067457234790771,13565187.31555353107517093829862860173782,0.1575632589016397999402246448694456777607,4189255.23725761036563284801976180779455,39504904.97608960204311886039167728419359,0.1303729762154509551854399722762242889718,10094729.19220910435434623785817297382092,233325147.266834729874948556082726872512,0.2698737564183101436721721765142123554369,123417934.561121953369911562675170326902,2047836164.189676681126633473983973917213,0.177863456892935501568866138622056555273,713901029.853764095001555127307333613243
1982,1923432512.285895373953887329425684927753,0.1254167985330490991387739071237135143946,472812265.855142187533367331531947294295,1778983434.911877336882836046286912225801,0.1295016232871509797508277673899986274657,451547235.539198034261419749198724343377,145270336.922022207806732174346058159115,0.1543568761633890787196629415142361663472,43950011.79671332462472229984320069065398,591121370.116026026305560020205859103292,0.1374225572141633308244461977675773400084,159217484.198357041327674706631881436436,65044609.66982739355470828121649309856375,0.1497215829948866014761178720704819512787,19087620.57310008874985736332091232286703,55758095.84055877770274878972015316526344,0.1724127727374719332824308546374800834977,18842279.49660758167155945185377269174887,9286513.82926861585195949149633993330062,0.1676620446463762237676352269771321775578,3051711.9566539688034490433482242770122,80225727.25219481425202389312956506055015,0.1657957639341698166239049524620589985617,26070128.04442589171574924608109235317146,79852731.08891322385551156555830948219178,0.2845367191348402424157551123094725821002,44533226.87127221411393195127919147736645,2317236981.574146522849044003636801700006,0.1697110297461260499113882814385445712939,770790921.645156511041579705153791971348
1983,1507556725.758732930513434323835815019475,0.1365859427478548210298642807935072524104,403585671.00190650405551621124145876342,1485994316.548376877537191122152835250456,0.1832562279285927476020777097768851180207,533742717.821006199557421766545120743953,150305795.451204838043942111383833314297,0.1398249968861481646566247109529072891315,41192354.46663208932398758084898469455427,511713214.215841305664384759793549737096,0.1236095822960130353581032285180936162801,123975207.062557951355006980338808169861,65569136.73100397678984827302744184302286,0.1439418683457175537017056869447173508858,18498762.33187799386772811799170474184595,57836339.84420778935415313162385473029402,0.1634073344580929515551835369082667584071,18523728.9723586040604840083201279027869,7732796.88679618743569514140358711272874,0.1437499040939534026281508641896047369994,2178714.06927574784595635071508643555033,84736658.72020086125409383835639147127506,0.1470828039071289688917958724594354762892,24428078.50224568196697773387119438599231,240477606.495914851841936964408331630019,0.6687373175306516414967916780987825286457,315200045.008768623978552119197502984465,1466001017.390100711045225003077866865689,0.2126336029869506514445487472725523758478,610973313.487977128429123481182919847204
1984,1389083911.07450390132010268693401468208,0.181738173052907488092977249036875878745,494801161.543100782929512333648077346656,1223644321.68996406424309974767460302938,0.2260609071837154343628899008860185470464,542171565.045613378561307574127837522931,237627512.828256132582195018405849330678,0.1347652641804981519156270067901403839347,62766911.70399511650265676051904137728197,476087692.084226380260107503948733932861,0.1139222000217489164907970123414623577466,106304436.279603610149620115268456358246,148290657.262695115836124903803405582746,0.1489367340705139982787313100425356573211,43288415.3243164851730611712371578454413,131547058.982702932020519584973488606626,0.16679395367935697873978401493577801772,43004857.96272852268961249788380693322296,16743598.2799921838156053188299169761209,0.1767161840400781244589263275453988796183,5799374.99847485920737320132353228616344,89336855.56556101674607011460244374793169,0.1343526275124020734313544859608217065303,23525176.90670100337434257853822264460564,551857397.494181215574235936951484169491,0.3315949264201213576048920128376003199627,358666501.708306061911034043485781100224,670017943.514584998226752605204445773983,0.2085100888778902581376514261498192925846,273822781.865934450399130115745051716079
1985,542937009.857263184410649507465852231052,0.1301479947542172249228722013527214228892,138497839.697116010340587898428402827861,444588146.19500952625706835321943729819,0.1557097793807759111045113071040314670742,135684375.432292838113304340136861451416,105898640.197471524189168067711222621988,0.1124621249817163247352546468938956745571,23342788.77419242774234996703619009745674,195940215.428149278271008401250139667082,0.1115655320059457645792229504997429459152,42845941.77617814894058782958915148223956,73819338.86801445515442230137978641033425,0.1159037684777077778093852301137116636299,16769641.5402181726272889926529135430245,65155893.3322082452586747950305437973141,0.1228057557259735291512787643302330467774,15682976.69249899627906427258897903273847,8663445.53580620989574750634924261302008,0.14605126252791196292827813587005702688,2480002.0303587473752313727983675582834,32079301.32945706903474576633143621165375,0.1218206533564676628513896541085444352323,7659526.03645998523794786077581525025859,213006037.210636897009979641104199169251,0.2590234247615975497723839327666201461458,108140164.376263090448788910568316922194,103423988.989319732563400345615733148033,0.2203199552734523463300364643544672737392,44661282.51152474477324660307365255564162
1986,1245940598.398232237931973780393467483205,0.2049413679349900777439012315288611183322,500475750.378888691484352126183083490159,1143066051.314263198494990445067817649653,0.2230807632960594913452984726314268753121,499792252.560997140025354549755675029716,110574369.916260177221672489627569001906,0.1247585839784883155011230842181906278352,27038399.55752970755986986707453871783173,211178664.052051516075938626502072845509,0.1104518239538460506695357337721722518213,45717134.50438375940314967616258864966712,78151313.02652376542651445250532619394195,0.1306991299896217575245082115305688173358,20020044.89542196958683630066396507897328,57297911.6914377152744527197352004792008,0.1707625336302202415720610628384533379128,19177299.68141502394271163743908501263985,20853401.33508605015206173277012571474141,0.106642073688974201522822127416869291986,4358745.92521031912872843774340760646849,32423056.889736411795158037122242807964,0.1297098395622437565008600460011584848487,8242955.43427901557745571784498626408555,842125457.835706456405164327673579798595,0.2974500325237210960026367815642035029963,490960879.851677431741531968457181755007,267415127.14853167843639793633246016872,0.2107996132161613270488426663288646070581,110487170.527279716976389673998400405915
1987,3971080860.956318981020444284046826274487,0.1807320699512361838689263523098751894349,1406695261.330970398066639421210165721987,3758580280.976556778556654109751304996055,0.1905246194164676743575230642225207901376,1403560072.05542528867462312356328601283,215722534.807808185532828033593594614058,0.1155264196206632276155499989027014243541,48846438.07256635616796588635755014469128,493270055.87204402614759883542376249009,0.1067013899687319738489979465981899678501,103159897.159342310300278375630086785022,130818332.258213841310889466899560291075,0.1108275928539030588867338514063717156812,28416630.4960662752015195469594102838907,101645841.516806647732683915748375390524,0.1367733903330578849103133938640686909386,27248794.86072025889408501144140084175097,29172490.74140719357820555115118490055129,0.1474341408209957357655943897391177164068,8430001.37181293205173078060914701652328,84904202.54959434422193856669403432298189,0.1323905086639176410450721284220090441581,22031400.70396037306213761497681740036931,2955461594.040764432821568804210473029011,0.2099165428381519269074738184262609106206,1215984549.411462977172759917416619914036,2040222657.062244864283169756478776777027,0.1920623714214978748411899143514818630898,768026003.416758548447906401201858208897
1988,3953294156.635058179960779175855296398242,0.1293170539908161763254396456462676966399,1002007573.634501684146530337305521199104,3677862138.047240452809920481383887352759,0.1375759538056962838196902948619854479561,991731367.551104781828906349440364441869,276915042.506260927537582887827142949097,0.174579444327117846107769843401497094967,94753601.52326397295553322845221359517124,683764423.246934057954106354890566306613,0.1360103378866167323276028460060004037587,182278099.27169970355795321238130093224,178454136.268309505360975185371207370206,0.2005696462835254244380968410324021189119,70153266.65876709114430894481605281961959,156307759.540892904624544246615760055242,0.2283388632732085474509879443806867633728,69954626.82332502742099419465776252487671,22146376.72741660073643093875544731496346,0.1463352994551074925296255294424580855361,6351961.47369417822482611923426564908986,98460906.23795142217660770245593557889011,0.1490139038452361730283366576411454216975,28757206.26872753913983381856979777472311,1045774453.317906298321461872655539537557,0.2250403305734753599521451200582531302461,461269200.212715934284025274787775370787,2795615538.411622679895697439792657185291,0.1780177290013250325798502819080066404137,975431493.44535309196415192066514064074
1989,3402481519.899570307547906064729113598244,0.1058275968260876744989524571425453604499,705749827.292445637425334722029147209507,3110966324.905216696323321377028550092543,0.1134030687791440982164262137008624329425,691474531.101141771360953905208778250498,292347493.263300348275260218544502165194,0.1057840546310041830838583412047284885375,60614378.26926009918984743762765949692831,882466949.07777587962646256225163381482,0.1140757539406863426999723495556904315232,197309441.785817709993795537737331945657,161957045.0943518733215259797902641999,0.1027218153451703700950253958129008897293,32607582.49286162998706470588402138349958,129804508.3671327373296754148621824485,0.1199703875919102883667594602764723869964,30522486.47276526205114275221233628296127,32152536.72721913599185056492808175140053,0.1342396167947018458255852408468260417565,8459642.65010936874304778495686644468697,130390448.168948474953734238754237965294,0.119792457071333318219526226618313212768,30614792.64298971761614073517102971953358,564736098.155745614696358893768954188658,0.2368086784059757357700782360964551225121,262119441.742722639767078376757276588356,4625911104.677507128338950482773360027312,0.376954799952785668479674426349519299474,3417768414.323635748620296821170694710325
1990,2970042628.029604137430576266196752489134,0.1157711371733450978623095114875658277245,673936616.500583434496078868155511952992,2263916552.361729382310308243045761846211,0.1313257709832849898839956425076767112079,582728749.894220204143448392862139838822,710409489.31129739621149257819502592359,0.1536727406633726294370964601297874101074,213974323.502838629675084383849203214679,1348059101.070833131124342393516974974188,0.1368315781048094231308108811102394779472,361535826.189022852318360443226030624514,395063785.326273480117148896593205464843,0.1491457845033958806321941329779343679635,115487312.455081742776948709137107466257,366002740.261516744374441175186291027949,0.1609542869939011107721839359452498628674,115463031.789348565480457937518263847727,29061045.06475673574270772140691443689469,0.1509846015273433198249766371646002461216,8600029.80577810726480617895442215923149,315345703.985023916094343681601820458755,0.1686875133521704325584750762008330511818,104261969.996985680993502909515562850119,1043885049.064362457605281673425577600255,0.379333993042134159183455488110161566461,776122924.519594737983655138387256389687,3008694645.138529003969152591260589076445,0.2361723199661802444265146480077899878659,1392717973.047892005571255565612773254313
1991,3767949065.781932207950822819613144974218,0.1614864220187367362602558102330136073216,1192606321.444653227496496460415612523615,3331816776.654752371276636570285495710548,0.1833085491940314639579616950459232438997,1197070979.03747735517621451658515204144,618332094.41756747705315516085710783325,0.1480037810557456950745570009992548163137,179370356.326959930360754750867779426561,1093772468.533370616864791762212979798514,0.1519689707188451462289396789846591105048,325790173.437508475780241669971179137461,439700306.805607012719498448195639872332,0.1671825484671287299154100686652607039716,144080026.992937943191881663570328422457,387325832.24003986968146927259337440735,0.1891765775133526163860265503355929676933,143615031.638336159957804754511695578292,52374474.56556714303802917560226546498228,0.1484561949688830355255850424483209317566,15239617.80669733715972635233711038015388,178631787.611960464333656712661467960925,0.1941618711864541668943311529026066304309,67979624.98679423347124610640226885252162,2270747748.878756322987002605111283217279,0.1754633775766787324995813021904803635602,780928816.500096704016518641633054566898,3545372679.941952115459077439261023358143,0.2778537277878875711333680748279665648393,1930786230.41764103265589102581439704093
1992,2986808288.501491014389256847130970358759,0.2094785869816506436174341751299690961027,1226317864.526334363696471987066284939011,2776161438.394221529853868010935695335565,0.2302714109378286974473358405955121130622,1252970398.364049610680981388707278140882,293232413.268585305413033265708214850515,0.1090499159327584915642310260149264375819,62674861.2307702814792228941937559972947,512942314.946401904584131658074929412309,0.0889572647008784388381794526104376716579,89434692.76245812082014390539214121424179,223327075.432650209333882559355109510941,0.1181210984044347571404875985547705225236,51704093.32896721061221670469116082826907,170955682.176847280108360617975013386612,0.1410862651770413919929136781848463369725,47274217.46988438096846577782890260279743,52371393.25580292922552194138009612432958,0.1371753983947491465450240921878932659245,14080770.79933157701767052833742027128833,69905337.83593509607915070635310533957406,0.0997600524026022786467351587560809697514,13668569.92483962187336480576145850277417,1862158875.982297766172348073277635117604,0.1690260836575391499297027564425705121248,616916707.032609348882296989817765908474,2068884684.041060288783550438587923972379,0.2093662989475141773665716108944555580531,848983269.323873122560859585733058338861
1993,4949460412.6725497315821825908535099312,0.1762524637464015171306578355979816100007,1709815000.219683404809412134829960042767,4805538727.223079184268644664319219394984,0.1818467351869836668990396842446091328296,1712788195.585854445136574250996185853334,182822685.50318815354372036657636594897,0.1169352175517621527943680030405775072567,41901684.58531689094032805820932719125324,355759966.253084062091544724173876179072,0.1035699068199022349936619304457348926157,72218212.04796362074726192174823162572308,127639550.842696775102946434638737347856,0.1153567367991875085754640885447627710522,28859200.86058586873264543320316027381996,90424528.04566131758751726235175707814591,0.142918612940612467497674320228214733105,25329762.32322703609492095147096343675543,37215022.7970354575154291722869802697102,0.1519960202786974192098834240494405702457,11086809.30507156077516636082048793115421,55183134.66049137844077393193762860111374,0.1309151976529710553918845680318677092576,14159649.52312994334475926591125233196221,2909240794.141521079205827047863878487643,0.1978686044921111835523191621567957706172,1128268935.493876006252498413641946336928,2396291974.689981416117085443559475595805,0.1741960442639758812970884168275512651876,818152182.469312102970682830165252792753
1994,4203956146.682074195220339160758946039585,0.149093041508226888587798691390924588701,1228489992.22103066611598768983744987883,4116854949.132224487961243244073714199104,0.1537803754367058492826691352677766150303,1240859339.404187524823332988282993385867,106415361.856434196876289434254178284853,0.10634152216588499549428615403073765253,22180088.26082747282906937585675065327676,320613820.371518324566171622048494654877,0.083863905811648237681567135873465820006,52700337.37775745072582496070734434552687,73790860.78614631310662168222783134597797,0.1156470270455454086870598146603996120756,16726039.59917709606694712650269518669893,45046460.06252820070537337522691575718523,0.1561065680566179662366725049283904378494,13782814.63558313226965639550204725715685,28744400.72361811240124830700091558879273,0.1410023806643388434180919892639317287422,7943936.70828780006266997302651917068526,32624501.0702878837696677520263469388751,0.1167845011872392572043158783874558341964,7467670.72459320260771956780160587511261,2684166217.78508907743515154185488729731,0.2446286626486365889113574511771567326958,1286983024.67949411371243116567485064611,2204802208.756432025278038803866328419722,0.1278256599671718575390854733135311139686,552387382.965483518063449393041417928206
1995,3761733420.665825357802066834310460207448,0.1040599186186929125921743122813979985098,767233520.294618073182041567524025199728,3635271918.262128526253898022523281298102,0.1075059387273991211591783644104465403881,765994107.400161188995591589228426364715,127952732.168421343080088342450650359249,0.1750779734740038239366595982113385662023,43907341.89507800786725381391553096528544,515673369.932349904288933978769206080318,0.1266921096795855629071855250007938009256,128050224.398929117200787658513766280424,67300769.59950238987641518022666767517144,0.1561361898645880558157251823135160026978,20595848.0508327699494777008094776983254,45282375.67598885940955592883769459807052,0.2082273093539112732786656822348329849937,18480893.40640175230915038337756066395658,22018393.92351353046685925138897307710095,0.1756744905313019354692412323466155283215,7581417.4642682774094896846514832160281,60651962.56891895320367316222398268407813,0.2169126944424191513370081366390303947601,25786114.02312812280291821559440374206746,1021681025.148079736133629767528298727987,0.2178713103920382551473467643479232797629,436286168.153318520123704126540134165784,3109073509.717870054279225269713230580605,0.1355286762214282606169439609070906770528,825882489.412458690711771167224697178769
1996,2611434623.790665992187390510562059991222,0.0891303407009890039760865387003512765386,456205793.164169364995977967834731683825,2309820947.221215403542517458568023158859,0.095403896151079038876268253865068641313,431917198.841508509989817418163137765008,302399329.264552015914806467530318982982,0.1775591836264415316500733939836043266514,105239804.945458797770502647893160815068,958645926.460052683995844279892007341793,0.1126520160885729583126993806533779307256,211667056.80841265663868310790722462589,161409154.928785030724133195991298989846,0.2061674097223582024163582682702421071175,65223522.45919913596814990515761704077187,142376457.56180503557572433909949921102,0.2332902738858083249699150697334086091299,65101483.84778993852000799356827410634564,19032697.36697999514840885689179977882565,0.1785994059672213612231332276438189859014,6662487.74964518946147620447420711529266,140990174.335766985190673271539019993137,0.164704440205241564328723924912908926387,45514547.16728735771586209194447052628772,258410971.473642514405011334577565804229,0.3689511977577195467491024329648196700965,186868433.380315155486851745451547231684,2107165630.836946855302147137693696604316,0.1647479242199000725322143318979748329313,680416280.789090373856870195032591303663
1997,1651199658.36306127532337742990068169796,0.0880202439074433333554204904695163426584,284864433.471247365088396393317023723482,1204421130.529504628647833371241627001841,0.1088187040018498666831755085268031127147,256884551.133460550107741717179298240397,447141443.760925679637144973729129424788,0.1145718818155138073358234289326120586789,100410479.832814181647227514880271782989,945797403.972637170940717835217846320639,0.0847000591891874172517469421638560153252,157013828.351025854895914020878765148645,290755572.648281668642960494268870923041,0.1374555318717316126905625636183047029616,78333285.2907573361989040202115777349565,261042325.340064657790129939967741937478,0.1529691764085322919720095846476444619826,78265601.8494741467250452268757913402324,29713247.30821701085283055430112898556326,0.1440893572144292931262587546306460848658,8391470.90257294663298479863510916231196,156385871.112644010994184479460258501748,0.1061034833091353645529164161948759524047,32522447.90415463563849551060077904445178,142858640.94409715831398633004839243259,0.4783571183516133232754178093860062544377,133941397.714746389837502549369590995397,2001046320.595576268903540653974774355899,0.2073471812694592063613418698747631283577,813226175.76362605438052415195388238011
1998,1078535549.237452218253347629152448856613,0.122371001799003856963616448568562280792,258683692.24661072156684162123968836197,778179337.579468168823651099578061486937,0.1650186431288030593389026894535322978933,251691632.860539857700038872281456728175,308387242.597622945707139070102582149472,0.0981228140918212951511185617641976360881,59309255.18444406036761330383177933289778,514598111.598352929782421944377736428186,0.086615861905491181591591542527918671099,87361823.583217775529503752005241801456,214923176.733341292055028621093526922142,0.1060257494178466627891885229223178618008,44663286.12561695919700598084968233133655,187639416.562017322329801133197164344525,0.1209543496673798557404633416923067614718,44483775.06036176460679585222516542831791,27283760.17132396972522748789636257761645,0.1450095074308670066618300521857239462086,7754553.06167896906676613231281692713145,93464065.86428165365211044900905522733086,0.1029413720777934680247676744201178650636,18857785.5928752895596834766709670977341,335978567.916953880901178840448835761131,0.420168888718492158630839215986592976987,276688773.369198031803690614004269991646,1386676718.57478469006390334457907409523,0.2910925048580975231625940978651061321314,791156350.89914883888253078185466216641
1999,543944039.680305738949934707853249617812,0.0985808638270619782667119219442755947495,105100047.678321786052878867709645895689,422435555.395874163766337269519342604283,0.1242570644624262747797074032259115397216,102881579.994570123777771288567368358523,124892451.950455040876430511934492239888,0.0976845966724979937209419466474828543886,23912134.84059029066142560634103902217852,198754875.210735890267956738944517260256,0.0785544549910386701720962518759242195674,30601638.56202286963385290597126059813012,85723043.90001135747276380974559596829481,0.1171542347522817174228907702348284867627,19683922.51313448045312683977407564189136,50690685.34227609904755297645553444664671,0.1850173658239267710397438626806697570558,18382167.8647214209024565429910232063882,35032358.55773525842521083329006152164797,0.0860087041124116788307993565801922457245,5905652.01264224338262461161620044310248,39169408.05044368340366670218889627159377,0.0874759290143693487934733136541306846077,6715705.50198473875028753389760193777378,187616162.957990691728476000896150372068,0.2007208985982926013324652726507632696195,73810630.24816351661076436352048875031927,551010521.539094163937620218190965730303,0.2499780001764822575149772329397255399677,269971396.171064792870304594690394085442
2000,1069854548.967973090692477714696901926123,0.1495086333039272056986794310962346839125,313506883.242374597438465883006459095556,971122042.897873004191662709252903808838,0.1623663359099463035349989879433763430813,309047954.540350291116539690270069947797,102408628.236921891587974009475435423001,0.1583969168688352548732456658206643807075,31793573.50805053628869916397536298339002,191135196.373822714077000678176146910274,0.1322377229908402732503709531743669327431,49539554.97768759563463535482500138959955,69783273.57323623132998040199108701107626,0.1517008015821012178876975976074338964339,20748909.93464267410069501035289152785264,19439839.62911804509746597700308105240282,0.1841436536302327843329634038895406370682,7016257.26677150904786648952794748954648,50343433.94411818623251442498800595867327,0.1953080012482655769358662436223829801203,19271651.9008156282544190830717317910448,32625354.66368566025799360748434841192526,0.1851407191991704631475665461006564185095,11838951.98806303572459412805505552196816,391861968.670634498589671210793773550961,0.2220330692478738667320580052498266358326,170532378.625892131825584526556744114779,1649053395.506943349513022795856313998816,0.5293546312569015013668724641892949204812,1710950742.118977921804116078112800661833
2001,1632346421.823927011370108725541752181743,0.1847097938022215637726208662137117528512,590960327.13822781010896817173074676134,1529424056.862281803295219900669209038383,0.1954200454802252428562011220675134242402,585805032.751132307561299762890265743814,111267769.69699428657193910017733443073,0.1103483722002527565576156270741802329424,24065305.83825522361213771798295726996512,312668224.802352933374992543294135113008,0.131904265653478396156207138017874005284,80834854.26803288547973386730288739635352,69263931.24884308232925807921839748163936,0.0993179535553684192685580677455662554302,13483137.73739626398769096237165719674906,25497972.22201081255437604461902634538612,0.1605709483821627074120390382147808115911,8024697.81976022080253467698189157861006,43765959.02683226977488203459937113625321,0.1206433048238766657505360035472662519414,10348937.07413550726869000760925600478286,42003838.44815120424268102095893694909093,0.1491085830461102952736960596879084957507,12275740.35366304667857156354834655694942,470874362.212215375667984284882991608102,0.4077083197386099833729338290824141264648,376279614.250042635570751085884579544922,1243755038.285839208346502639851845755416,0.2984229292396601859858308283286055875318,727483442.692417845565437746474219382368
2002,706591461.998818422940218800605353808813,0.1979030220884176807479670568002189178796,274079707.994421429085372729745332926365,596345833.794175403262743660267529579902,0.216899275514954223711759663610135688865,253520079.440383182187657027137102962839,114701488.801944634175321404325268543927,0.2435528962582970270408353189980830562006,54754324.41359038969392972243155024577362,284457333.528080587623344034691395231892,0.2184788101162179237402432813521994310671,121809883.525772490564201967892777269217,66581864.03299693005506822948537705048187,0.2475537052055592984447362106980870322994,32305870.79608786095510636953578430592208,44345247.48302883688262409472932848746815,0.3649788111165329889753489168067777023111,31722748.38184761192835673451273989587239,22236616.54996809317244413475604856301407,0.1522635212142761309725164040342190365585,6636218.05014798931010442652948438978061,48119624.76894770412025317483989149344522,0.2434456709443288134673348348511534600858,22960448.1014330016866582903557891693305,121065224.762928749728574907722608110283,0.2796241344492463372085016577990472718872,66351407.02502533483986544668106223565897,502830910.815413526373127377712458848512,0.3475626981998845878645598293181265282735,342539925.478568882988243417819164302163
2003,1129836288.446071946205654869933808470928,0.2048269052966426283388057960497736914042,453584906.09033741339783597675750021863,1073702960.486637313064122732786370568465,0.2182602138249124684933125424295269746648,459319409.970899806206796120436625589797,88088298.80827430286650750817720803985406,0.1231458852538872269469274027952261918265,21261514.61301760138991202526280863057435,195962850.792853743720619672396994339318,0.1228971661194502946034355010937496771523,47203226.89317558089200821840955368581507,54971853.53601354965602825878562465527074,0.1219867815675664304557519428534253128747,13143445.39973740079651255437515083732878,38646539.20822572050001499671039696642969,0.1536070045495126403748604917958685664779,11635303.08300245989148628849558928605543,16325314.32778782915601326207522768884121,0.1735492017766268964670656312563239547784,5553160.72986661177366798354809522311863,33116445.27226075321047924939158338458302,0.1387234662121472135729234768437354574171,9004295.03051405838099414021267739020743,542401500.309858868552228246982489930246,0.2489379891078424476881844040087695344579,264647704.001377576107356836888431598569,680200523.324953381143091866737721276312,0.4510905818014851065217988612397078725061,601390817.624322608326429278001703890076
2004,1553374803.128737702398798672159388533769,0.1654076409385076709807352859356919740612,503602520.890532844827542182455330627657,1491203890.551518133915105385768746889747,0.1729739864854205736003803925974523794433,505561383.958079160647180145646291043898,79938065.67350658230997425259006906687695,0.1546605298860378534398756499138823989314,24231996.64645366598816318970272880538572,147762716.280740329508926106962660260646,0.1182938845308689692948656583626637670469,34259674.3674556397758252528941322985276,58003124.81375644005197854324866439297126,0.180682194726779269520815539575490181561,20541058.50902721435848360314902372619535,39590996.92293644808374658437627631663151,0.2487164967425935160893918034313326729138,19299990.75215032389678354597297723199132,18412127.89081999196823195887238807633947,0.1593377376033958413008014311600751389876,5750143.73307177830705525030784393270025,21934940.85975014225799570934140467390567,0.1252756226921513935917062186261258632625,5385910.21484459889195776827885982932085,1375861102.541407116232658332799219566777,0.300512649829736334543698274847673870277,810388784.81586643219095175171088902565,931911258.852146989821173639830947389838,0.2875382301920020006255758559135302650078,525201823.57004012638591401351631359164
2005,1977261022.693447243718044491491770232843,0.1587836312374173770278377754949064458992,615355102.771451154784632572920614115713,1890250172.109899678110858685310873890825,0.1653741159268478328523500715865740647124,612692964.142763370447412342609314732461,89223009.38070290601857824944692694689758,0.1004177213341773569790165084162397375809,17560759.73347270864775940607189128699811,312484662.131433276675694713969030518785,0.1318653894039742584360058597462182642993,80763586.84327232451457115256915046099665,62962950.92706359212563427361604408629206,0.1044524569549917733339855880235709223091,12890204.44607800368272858702155519883225,33502191.55334384856607307475325234924372,0.1487011892137054265562252847085483576535,9764358.82148527119440998334044706940986,29460759.37371974355956119886279173704835,0.1479583198935012245415000234052748120101,8543570.34105568959662864240819951777108,26260058.45363931389294397583088286060571,0.1255515785181737319585049574952475560251,6462103.91003449925723573013250171585277,1512231164.209055244799888841190496579014,0.2469717056222263058741561993058131011902,732017487.44279890791475190600122672263,1110942845.499662016744264221585264594767,0.2288389893343853530911419457750571910673,498284994.425921387963484229561773745326
2006,1343966278.810141212499709235397571721199,0.1699706625548428881638702595094577109214,447732284.16702375562657556850116391225,1178446773.669390290920015348603895683407,0.158333770948744176555943555406972510514,365712326.213413392034964276558721279763,171871506.385933866210765982137925352192,0.3545033568365730874653137984296963249189,119420890.878409244480318605208754005384,377644429.636126497714162385938398986848,0.226784257472151298064568974905452980196,167861870.664505150171272067826936761288,126417019.406059101579347055051705798555,0.3837099621082967643665933046771286016758,95074640.6632397990146484508046251403373,95607363.92303091790453990799815183099673,0.5013141243314528178382105924043495325288,93941470.97243704529670033879482983684299,30809655.48302818367480714705355396755827,0.1754802197515743785925754659281450269103,10596710.82467888489232182618095261588399,45454486.97987476463141892708621955363729,0.2902375016460735609454464635666655525102,25857489.60969994923749978049951433331285,765749518.490859872413171065002080966612,0.2347553426338586967617930336213124049222,352337029.546666885115673935441603539506,744263968.76625095688888475913873430967,0.2089505744441932254076659082908080804134,304808192.271173515337507188146753948071
2007,1455559495.985712215787460446483366262319,0.1491766755578379737936825570496641782683,425585632.308069881436363581327820857399,1260797779.210800615098468018462745984255,0.1658913182451178659072409571449932161847,409944595.042241678715086119107300377239,196729372.074529257223273860680842965389,0.1737808590122768095233071335076407513084,67008086.57323273012420294708719905683319,434990076.331184205369632545269361998257,0.1379842018540713108406132512871203747157,117642646.65412001696689987111680634633,132513581.485145034293421190029664364899,0.2054916286098776531643501533855274196412,53371646.07772795868320280728819226020215,106780190.657530911776203532365777505192,0.2480037199258704375936141170316830445471,51904493.61502423292361904337913189957805,25733390.82761412251721765766388685970612,0.1771818894436357297322086458059612640352,8936601.98491126260958271984779183173286,64215790.58938422292985267065117860049056,0.1422998139628533500812560378630848401336,17910274.30651997065813974904189907946157,620428605.596059018799721263628460801168,0.2701318313467061470492113679375481293767,328491130.281111493775602795693810299803,839627636.974232104294013328687473467298,0.3786882379632708605043289531765284063575,623195936.366432140495558445652668455951
2008,1073331512.97374379366348814380113301186,0.1413993211413408309403083336913972871461,297465960.696427437093412872643504870329,1008839464.368800230499937990697265329659,0.1652366769300730452597947568616965840681,326726670.070502146759203864708786193198,154321049.585843285710399140075673904803,0.1044845163376381573933851600881300119834,31603354.04431928153741711792832353454662,325179511.890979753355058882913187081846,0.1047506818803126990331355008789386556583,66763040.1840112661801936216568492795879,105137199.33715431527466001358925955439,0.1155043543187140532793898938415647339616,23801856.47565924305718716446864495024766,73605358.82851604309302975688227555816374,0.1468271959797545025392232549888603390678,21182246.15391436955248078950757513303229,31531840.50863827218163025670698399622618,0.1518200390513339796114755500168176791284,9382843.90446851846748929485302256361373,49183850.24868897043573912648641435041343,0.1100636993730689385124692109766394013355,10610178.75525221979015170900196862994363,395932647.432626989531631908165103932915,0.2619234707224003572224983333246133005727,203259944.24820979098010954083485058361,747725027.818751774927083551029446902681,0.3037471734626074235997461564332284671156,445153952.905302899138105774240273557284
2009,1223021038.585630059566679496941122661201,0.1314932841076040537352257376141261624447,315205343.676781777261763341167634579276,1055395177.248082768555510596211094123819,0.1500800337138946770760437126183430376633,310451737.814433256267725659907868142594,195667266.980726675889006492234367626476,0.1508642322791008177536520023751222844775,57857616.34978647864442766158521771007499,371467160.258695386399140371021940906526,0.1226506893343330184598872167658368847929,89298978.41076044288873664315498238790083,129863268.425091521292051043743565009901,0.1675631270005413420552179858331430481841,42650178.86604524199431904560174446737488,88072252.85684323767157867940429486270667,0.1989665681238477944426491611485951004181,34345930.43980922321961781873527088684096,41791015.56824828362047236433927014719401,0.27792709529007512640951925250915807457,22765116.90956688550506691836534186439837,65803998.55563515459695544849080261657546,0.1503606337646664973289799512252160764539,19392888.61706602127013854641292716062059,1059873583.654127435927322226621450528135,0.2760128340839426062803612878791874491985,573375874.726357467041091712329181680378,747249003.008692123548600757864918190211,0.243505602836271450387504734728227555687,356640265.135011412875150260293795335793
2010,2603009830.483894393636096585264175684598,0.1550130669525638597831642148991759682309,790861052.776724376523721276293497478763,2460545469.897059810930978319196769674374,0.1675132145393379413491218446353997147273,807860807.118018042162558071945976861665,184449245.235710776089724390065197492714,0.1248741735354183992888855172985983475568,45144576.23376054201645813342742268100534,293681443.637137595151367267043459713076,0.1184779301332331752523370149096007224576,68197748.33890897550846911324918269211075,138253332.690872307810858189286996693557,0.1366293262365887530131232615424362402187,37023341.00321299336502791509756002471701,113841429.207975298920235000520496102815,0.1610170174723052738988546735761698882873,35927598.49587141478406164114365198499197,24411903.48289700889062318876650059074262,0.1128622945993842721144096633787466701992,5400159.54753217609074884495881424191962,46195912.54483846827886620077820079915667,0.1435762080895856678695430203407932698958,12999962.54675501669531329109124817628993,3027579475.888751963459819233948224451752,0.1960132430713722802957285380641283320065,1163153516.581548467880163006028058827334,1777786443.734790909920450987513265099716,0.1877140509024502272352924238384377263233,654082370.186120275148129497180221132661
2011,2009701793.608802255006666740165992679713,0.1359632586964210878079827433440215125631,535561385.539506281032572646456227172118,1829789719.748571975473547661825680664795,0.1479877633146994469693245118457021735749,530741516.405170927860910059151538152009,194080577.053568872412039679847128584931,0.1201531647887321861858745258360784773048,45706015.29173900288187680738821029281123,330766207.896694329555965081009567468773,0.1200205939807696084596335225044283953812,77809563.21143484155178347032833630608452,150126958.260530776130929179444633021836,0.1185975597497712670270406969026073697306,34897194.16861524297469825839198316322493,94122041.52613912409787327762211533400585,0.1523965554451972499592711436746966167296,28113994.84330470126199674365535350623816,56004916.73439165203305590182251768783036,0.1440098896761138001139184622891398340088,15807913.28526977548551385341156742497819,43953618.79303809628111050040249556309508,0.1792231165395414926028427320128953531119,15439908.90482732570975750751019177371933,1175394357.987844223795046059434171066906,0.1717736174504915472552682669495091423838,395727411.972841331945022754832520482196,3137031038.986261285721021386247884649242,0.1935382451636295501728208418410554324186,1189985545.326107589629281997247684235804
2012,1487834821.952350546769373472263136715364,0.1306582026570903408047299892138948360662,381019734.426375238971539341446086298696,1384869369.180685037400891335784179995462,0.1388277820817648656773580495144834834771,376826352.272801545112010189746196636764,123487000.339764458169294401808127940345,0.1417733896170731633876826796632089486213,34314054.3991536223613148501854957741366,274069072.561255830278319126047188250594,0.1133873558220127607813911423306660103982,60908896.20261181214674324512153284416064,86997300.41524970345231537603851756735094,0.1506568457939999947256195190382649239276,25689208.1913829499091191739137242452742,35707535.2940685551156794239903659826752,0.183499896965772598520871088470768155453,12842564.93283200611951846512151654570438,51289765.12118114833663595204815158467556,0.2190523025328810947744243514222026108943,22020876.64648415595365767754822057612023,36489699.92451475471697902576961037299411,0.1469429867316888921218082027962108443068,10509334.76402851031075998797247349895388,1165456297.507592899266009104006596005487,0.1832138492948410676357861874214137648279,418514359.52450797844558454167450835789,2656059892.962153473041393878296769574255,0.2515665904833224388736779922525686299907,1309624825.528295095320188698643896414072
2013,1154052128.595423015423172352130974053435,0.1113578542222361903802754005598661184621,251885026.653941359966894630805571128945,1055865602.462882676227384026247999387499,0.1205328566837432717804377706565786763864,249442334.784347653712128538004006922204,112571870.783467875531194537122001902181,0.1250335073619972577126405735700284853441,27587501.43534272785265559724385432345312,279982732.196633053797627888007100789695,0.1224391557167649507495894290956087146608,67190464.71704055424318430286028074750957,73640410.89360663516169793832467551957955,0.1357480186791810623328634317223918837999,19593218.15211464890854793889003991467049,49786798.7083211328219400818847133172023,0.1708464815888042288735323624895020057877,16671562.80221790962090985396259882849025,23853612.18528550233975785643996220237734,0.1564776178142748101527404190702790262897,7315810.56559730547263121606876000199736,38931459.88986124036949659879732638260139,0.1274128108647830856648038189654227436859,9722318.80184808715076338376631547632313,1029439737.732741249321736529865563626049,0.1923724233375624297797605005737034406519,388150201.374158993900147270065775868814,2222163199.504897462024484316668732193373,0.2283910509049176146515731368780028362284,994743489.297628961378910006477298107956
2014,1674210833.049439824968830140078111977113,0.2764352663521355205911157052556328230285,907109398.424759081185147914668914256099,1527819059.377111736295480052658536405511,0.300527953245116376747114969255898585082,899938576.293225341948884343837420253906,204169023.758493435767991272648220409914,0.1918316915749871204328514921246825683854,76765534.82181883967858221522175237370074,385338878.741291010836501626647276229449,0.145152311319578266255067954259781841036,109628344.625562460585105479305656846901,138506844.22496352142882225952976161575,0.2154931633235168126035728975130515294014,58500664.88783013249711975028278030883824,110392777.563502050702947144304881447957,0.2637541321886907581596970938008619578198,57068440.44247488410808811685747700883312,28114066.66146147072587511522488016779258,0.1653339668982241774704455621858309099099,9110491.9268898558787389798862856576022,65662179.53352991433916901311845879416416,0.1878378285418127321899129824883476334621,24174328.79296579766711990352189574045605,1590779768.064333636713068053421736441684,0.3769197347697762926433238725527147995153,1175208724.981632367759034755813906294171,1815550888.152514485280816533202787118974,0.2514346769124572879689460011546670267977,894725203.922274621219681174694928535927
2015,1564774502.172603039021601925493288855426,0.2285829502306289298437847134850425925737,701054313.418463470214005345787245151783,1504189137.456803939053395034245394780743,0.2403750958174569250533936747777411073445,708676431.765763979210959410955227676795,84199449.03440080330659979947955277711493,0.135285015565597208854949136768030137094,22326210.59553789824256099848440351852202,183769374.30430054598061160564516553649,0.1005373783194425133985336172527696019733,36212354.5715990555873895606794482725292,57194560.52441810162234647081292466850765,0.1605075012518423110237669648357567569989,17993105.75014435417120908925435645739703,33945752.98691982665087838144222571616171,0.2369949291375957980873142773357350436116,15768143.79436849463066549976457931682019,23248807.5374982749714680893706989523458,0.1795408558009757685166162372428160421323,8181257.17120384801433632237295929046799,27004888.50998270168425332866662810860749,0.121282832422099463441653473164138228159,6419449.56075807411201985826517742656223,1461028466.29269195039049137025389046885,0.2773238036010210064042506333865020237568,794148824.025644666293090946759478457928,1238591486.145642292398190969693284846535,0.2048742565882567449168907101966585181302,497360799.483639833709286065394505537395
2016,2332151226.984790864945238975354309490736,0.2645239155227620462271832398519683937605,1209143157.340332118259458209591349125621,2361902574.368843383978433545372628646428,0.2710992478128746453584579016345337724253,1255007622.184623891970823507596150061638,57810656.57155970038496037532005787149459,0.1164069198084828835190578214088510410785,13189938.50865853637618257783013162693651,143160645.088364045549415185077397350177,0.1146183783975081138310504554490098042259,32161328.34112416429347606867044454516398,37434704.91746407568909380531231059392655,0.1264962500290382507842410950480562165677,9281285.59428549473027527818904259442317,18476788.77005270641773083586621517171042,0.1736858059185233538195788399918462698916,6289945.65869333534313489940670996427659,18957916.14741136927136296944609542221618,0.1674660618334327138835831719191671724023,6222622.81323983273109987308373891419578,20375951.65409562469586657000774727756811,0.1258953822355642094731916285088860880668,5027866.91493526113938049516565049687753,2131636105.278658604899301769591327708589,0.2745107975117671528141450166015356041935,1146907969.439246769465970947830555273524,818423498.2795954416506131264358965595,0.2164511398016555921262284184539978781323,347211450.124430425938549975936462414286
2017,3595437121.243112297154485301087308862066,0.1647589344460873740398286226500986434174,1161065562.369289160089765235424841310087,3541749362.954378851059347537817248224272,0.1668158301953542736491505989297235730012,1158006926.237199595465563704366412769705,57955331.91468393552760106700549575832128,0.1234231670383334120845172667709718670416,14019939.9988694578653369522419443668566,151867144.738734044142245553780471712726,0.1464776913420813127814346612576293505794,43600491.55400520764769928846951814867187,35996924.05162834059791138208890930388758,0.1407884535476816805242324504870793680843,9933184.48861612004159058064908641336923,23224629.53124452286080857634718964976072,0.1958196478140065666200434643283774459478,8913763.99982139461075406657212459291272,12772294.52038381773710280574171965412697,0.1587075263230318226079211626394148053048,3973036.16684668652813869710355727342138,21958407.86305559492968968491658645443368,0.1271818136016491535608494049416885589269,5473711.86622312262311356702702504652134,2494759860.269106544852867629605955365889,0.2000869198375092001306236539757894525067,978370879.703980734087250438389011047124,2086903033.077106267038489292355312861017,0.2258139595911208020554998005671442427381,923653600.876447781770602847709829723516
2018,5870612676.418583324925433689094884408346,0.1715667270253062459894067083925932920072,1974115532.951762799403135782032724294393,5773060268.137357058641727146024353364943,0.1743207280895544174536361777429643968708,1972473575.723301377964430967054955112729,100578811.681713892184509681698126243207,0.2088176094902230800342609827341012202601,41165148.96065592492022363115473230166667,437754603.713508969270206456261827496723,0.1724269018086779832834818116720692299379,147942113.338779668881689638582155382342,49407292.61248283593432489783605634991781,0.1957037738586016145228894761193675493401,18951619.49598223422888511286914426328339,34615986.88379082156658463722023042891151,0.2265446675968873698478470008044421410515,15370451.79456814528101514339953973077066,14791305.72869201436774026061582592100603,0.2586403815411729666261521130725734940983,7498232.75603563845723292348877841376449,51171519.06923105625018478386206989328869,0.2358604180645009767908241533523891337509,23655898.32610226482598813593494010507468,2588700007.731489429342549107010888993169,0.2699607435346154571943723639057768250285,1369740862.595505031268235863776030910005,3281983184.70089975623793590419709075389,0.2085060519478428662487706133009949824059,1341254178.546337443250919407247899106611
2019,2137356210.173063239270026844157325838939,0.1739693648932992870125328029853811455198,728795624.771731563801706273881825446323,2018040094.881420438317206774611160043846,0.180189794201056271763675164323192926682,712715249.59687991307030819882825840907,119686882.674639178971692429178505265269,0.1826609574963568370446944086951163354087,42849756.35464328057834242682899199156232,611144676.348491319589726021034736368619,0.1783059643994185665994387682211638321616,213582652.171621019582258207059212170684,53704741.09514607130927524557191927496049,0.1811718802860586210102514470585809441675,19070386.29198781051448682692270755900066,45643236.56489972302749698621207277107711,0.2081025698532838463281946657698841968115,18617010.65813092792697678655724865954939,8061504.5302463482817782593598465038833,0.1973158187299959380897895817435328098332,3117698.23849901384882031676065098144,65982141.57949310766241718360658599030854,0.1942039801495775428694166033319323179348,25115429.24651976922261162069739067635209,117294330.04169454351534290151785047347,0.437658991767749655848304574226538538029,100616439.72319853860049405058754482577,2040900691.644311607062847256732177823859,0.1963619695732836861405178961981946912457,785480347.848917734875396912308219532685
2021,303543517.66007655918288140437748902332,0.1265783224974812067728157544410669520813,75307177.36997822334394630455933110831426,253642767.747122336965220430421780221232,0.1363455189300394698805517487818628643099,67782787.39101243166302766585663489122017,54210761.73546210374472885282401952844634,0.1564039789817380282966371982985909015802,16618406.52455215714380905634231030121455,192119314.690740279232956454881066307517,0.1378510508406721234327710122688751630753,51908344.85714031700601647713069319249122,23530132.86729522578236779843757637947569,0.184727478027410403486866379079666449191,8519457.72036163930537065630080718607908,15941681.28737514179603504094897299490118,0.2409700396986702974055565222769748435913,7529276.44245738117153551553393667655061,7588451.57992008398633275748860338457451,0.1504067838780535021231478756551926713585,2237055.00963022288123318506109436028515,30680628.8681668779623610543864431489707,0.1435983472814224354396631891558520226575,8635147.69408598530919364166441949298612,22583761.89171353930614963178839455257572,0.4066903056289739991811891010938974113682,18001810.17094619240100319551098254762285,609776921.185666795004608770533581551555,0.4546818579076407185045643236059759028995,543418826.730443966696451338909635481147
