"SURVEY_YEAR","BIOMASS_MT_MALE_LE112","CV_BIOMASS_MT_MALE_LE112","CI_BIOMASS_MT_MALE_LE112","BIOMASS_MT_MALE_113TO124","CV_BIOMASS_MT_MALE_113TO124","CI_BIOMASS_MT_MALE_113TO124","BIOMASS_MT_MALE_GE113","CV_BIOMASS_MT_MALE_GE113","CI_BIOMASS_MT_MALE_GE113","BIOMASS_MT_MALE_GE120","CV_BIOMASS_MT_MALE_GE120","CI_BIOMASS_MT_MALE_GE120","BIOMASS_MT_MALE_GE125","CV_BIOMASS_MT_MALE_GE125","CI_BIOMASS_MT_MALE_GE125","BIOMASS_MT_MALE_GE125_NEW","CV_BIOMASS_MT_MALE_GE125_NEW","CI_BIOMASS_MT_MALE_GE125_NEW","BIOMASS_MT_MALE_GE125_OLD","CV_BIOMASS_MT_MALE_GE125_OLD","CI_BIOMASS_MT_MALE_GE125_OLD","BIOMASS_MT_IMMATURE_FEMALE","CV_BIOMASS_MT_IMMATURE_FEMALE","CI_BIOMASS_MT_IMMATURE_FEMALE","BIOMASS_MT_MATURE_FEMALE","CV_BIOMASS_MT_MATURE_FEMALE","CI_BIOMASS_MT_MATURE_FEMALE"
1975,36746.2003778844492501869291396526910194,0.1803966625683702394404440913971271244334,12992.6281440683223485438190719293541578,18250.1441549821555859519727396400363299,0.257061923916345251464873351112470025867,9195.177649731497525931542948050226764937,177455.3424130638619137729864696508765071,0.4996184980687674673541014186665641285853,173773.5444353598807979342490886554680038,168657.9505707227692661527425809295297118,0.5191421212316179853620806636038979264258,171612.5945948502915859721839876275164116,159205.1982580817063278210137300108401773,0.531801932941611368876974605783190637785,165944.6390492806089781040064085380909989,152682.9808948639426039212952658264670003,0.5542302776048134292463642313058776606134,165858.2005383061013765558241716248467542,6522.217363217763723899718464184373177221,0.4022224478137744454221866167676790095922,5141.829176693623051677727463897203262713,9287.85745212624092819802079566340779313,0.2469220733046987938664498728693536751965,4495.018956529516916670787174772433899285,18306.4942874140526975536793714217291288,0.192105097356114159981446440352179267636,6892.870899972335643668758524340417261389
1976,23338.6745122895487361445224163270045979,0.1610441415717805232682422885361533240801,7366.771332419533135247710148282292046355,11910.5071419979727867341777803981723041,0.1741930440455828555057487570214170752596,4066.465890574912813304372008281250889444,78619.1458895238620667955425662635534353,0.2199719116526011182193254202678622972068,33896.2474750740706261745592915283348342,72717.9332007329870256524248980647387602,0.229502885206031201529787487871079188308,32710.3919325438288628427004214287967354,66708.6387475258892800613647858653811309,0.2413942648937808423117261802064311520879,31562.0423125466424981589639404414262457,57034.4238299053355143513658988306761725,0.2318213096550251749948516112682125836002,25914.7178622301260828733823778192006945,9674.214917620553765709998887034704957916,0.4522732956843519170808675368354985119795,8575.762565343899115477813493293632069448,4452.754470351623437689605984779704886727,0.2641576585906292999094687105628551687666,2305.409222527403377009442228040887359332,20967.2328899488298917190845788317331325,0.2005242619678416240584174850083590159477,8240.700245499094581178809683483131496559
1977,17314.1221464880084719540077805197289703,0.1836416826334284801389275126839775421394,6232.005267631462035826675437014024654804,11750.0123402726383618797052156529682288,0.1395405953197874350268653203330264134055,3213.623285273925745049990046083403227495,70148.5221209069793960558977590401636739,0.1476309219227129755637245682075518983546,20297.9383447616317102492763087689889443,64114.5600996475289289332343806462097404,0.1548687084877703243395719548938220751735,19461.5046710721299172087129045654313379,58398.5097806343410341761925433871954461,0.1586558035677291013232522513851903763204,18159.9144929526802569583407340623944633,50855.4892338854306662111472317092504441,0.1622671495824028049539817881739637221539,16174.2635460582787037716953442884345588,7543.02054674891036796504531167794500173,0.2381950750771176042311569735145900517873,3521.552277064550873614863473720127339176,1133.217594008852131330483133734525451246,0.2251234006098461396630434983408083833008,500.023044852594362133534679522109896482,30301.7031672948544409251300603833263471,0.3808647026794959095700918239016525799864,22620.0643682884247064021403329721899823
1978,11117.9256084272092678032255640629264857,0.1916893837132871816851877937385488572441,4177.129083777186930020297752014036731844,11382.8863275190296110338956147834228443,0.1970613890682877257519528451687394754578,4396.5296869623478250082150696718705603,61795.4891787053394345646390231376603017,0.1504030699623274943577232278653961756406,18216.6933133100986927331691856585851302,56387.979224937460058263184094846338014,0.1543813333649178845595931246115308499276,17062.2927802583026768154472757032481835,50412.6028511863098235307434083542374571,0.1618658568246422108914558516426716062342,15993.75514432463893704191628643921875,40632.6990133856763552064510398614920266,0.1853277483574211172100180731466517667517,14759.5185709577249047403357012342787913,9779.903837800633468324292368492745430915,0.2089817482985735446458761720465308006963,4005.889948342390609216686551556032415285,715.002974499801932850317510800249588401,0.2882797530783657570430951718971003096296,403.996926640635900306077779036073910291,17691.215322929115812370578559960756171,0.3081503920428225469181840011134455553358,10685.0476774502091870423912370436498088
1979,2278.29393077990052833885343111505358102,0.2669735599296665687933428458032699930104,1192.158712882268246453005795868418202079,2507.703992249366359811896408549577673496,0.2031776742443916696353487522403397186772,998.638551083660411131861782251440742238,15700.1879800752461595432649116435095263,0.1830247857024571611357895774943625235595,5632.106139461468752310595843927717860785,14651.8846754704192008644743582843817867,0.1879516710603132210125331838842891785854,5397.538569517814302767325753087722079831,13192.4839878258797997313685030939318529,0.1904379482885029232343863283464954754522,4924.205183602155942109543044217004879567,9766.841342982166947066156006882826592641,0.2282035806901770109055422358521475981458,4368.503206342719965629891378331018740203,3425.642644843712852665212496211105260229,0.2574113127980514451937058075305819384445,1728.32637395697007862943637248843332073,590.935285550782731697760337226221009907,0.4868042175112733281245858116056649367101,563.832786993405317118458889867206993226,2857.541359928430673549455204819028834914,0.3645616876764026011926398032916664746717,2041.830197530037337186443926449958033196
1980,8432.79420948593114134602268986469291938,0.3944474090656959560553744565052609413044,6519.53590114722130739484045370749430204,6505.685064812565065769865685403158196969,0.3542513491761533947229145375214653750318,4517.109514589004147093726674839772726738,40546.4601231788756152608101643743682818,0.3179330719806096052047724612487377569047,25266.4788248070310626356068410682703555,37082.0139351906107340692523788871957484,0.3241180973422093753297779581737161580941,23557.1455324908988199269588101785109468,34040.7750583663105494909444789712100849,0.3286818373167116139942798548964501986651,21929.6256001427107621143432499613651082,23183.7779632416708129168928406699952349,0.4112793715913110620251400577176480739207,18688.6188783956589297649788514715870576,10856.99709512463973657405163830121485,0.5334054478625896250211297021082284401509,11350.7155400168743437789913237102524532,1320.865078530768084300941267638110342398,0.2626279607965371430184520451054394398084,679.916360041311289750458859716170159565,11561.8418283961996010384525597146156999,0.3769213105918141215468404017226112314905,8541.49296663612995485017755837002975028
1981,4668.386298512426234913518728924268392108,0.2287737517295720613289025112580781094369,2093.288326145890662124286164903462950277,3991.276859776066701848186820951137327166,0.2534058197675201844614195850890649200522,1982.369057758548266031486010023147636465,18721.9912680058899732503657145520573957,0.2181352286795286079415875373988151808616,8004.494659301901054644945035146579961983,16323.74726525657218998514923605385045,0.2183419410721382253889678186811549713916,6985.75098039557086898794364245919309173,14730.7144082298232714021788936009200686,0.2234452887244376609873585286052557344028,6451.357118765727574411178628417899909646,3445.066631708258834093545921700742112313,0.3322790693315085584374030559450302944582,2243.658126971348187691985725064212425008,11285.6477765215644373086329719001779563,0.2660546910790256326493042407719383693763,5885.095084305909179739072436047914765972,893.421681090362221180649540795704402838,0.3119827115685899446586934650808630314552,546.3149525358488828501745392437030743,7683.722329678864372765395650809126867327,0.2821085636149427608615488565112988556714,4248.581984497861561446830319786169660687
1982,5517.734694824570480770573674215919548721,0.1966375690506297733084092413035501040092,2126.58811663097927206228702635481541352,3224.177993451022754162047165794283459421,0.2079787039100172925312485000571351681389,1314.298306096162111959557467128347944431,11083.7744892797032608756080054312564349,0.1811019758998412377019421701343623240509,3934.29518245614356789029903816091962586,9414.896164024283049302103788704943729696,0.1817497548294235085425484751308953683894,3353.863936329550874205024911586589809107,7859.596495828680506713560839636972975493,0.1837417702076039437464535049473255247759,2830.50689959164349964145857711752246955,3008.781479555536710543091608355391118432,0.2242543765263720412847226529012052248196,1322.475533011571299420849031330042156007,4850.815016273143796170469231281581857056,0.232005078862237781557605130198633234873,2205.810891977292829262302319416093467014,1310.356126576134528560741489961994711225,0.3434784474936003315225763791984418995856,882.155012519392733902529796761734204491,6796.603444637949443202491985942582641228,0.2630987133568463998906156817578144205518,3504.828138102671251530949857140661876637
1983,3289.403092553211325500292659351353589544,0.189024188454311177970637941840885786702,1218.682430135185534330682454159627661242,2813.78346096240996246882172978247821368,0.2461789634361085927134306201116213452904,1357.680819676648735328089160432287099463,10047.1855994398527729862849605338559519,0.2390800409424219524924248643814173662609,4708.079827161576806545602098252747411654,8572.461887821150976949248160578307111867,0.249990732639053341107553118080965718077,4200.350614599272784329079788027209733693,7233.402138477442810517463230751377738221,0.2492429075848037076108761099066148036944,3533.633394219539386913675475780470943953,5150.918041251417113355609066335975216004,0.3110824492608533063593930520217696536644,3140.625992420239409892114159490835670078,2082.484097226025697161854164415402522212,0.2892691413924109377490325592704122551947,1180.700838065128048455621942216354607593,912.852336441000026306223674291281121815,0.2927129251741925447416180698026736774515,523.719208197412907002995884690917814129,4437.550598789181756402096750925820026576,0.2722570930441199639732136093201296861362,2367.983067474571574093337951218018591976
1984,2521.511239501135394725661644194012063276,0.2024058573812827990282266072273890797155,1000.322542882426113432389326708230130094,2074.021900877036036509772068671959390412,0.1944264672516029391310855053563065355376,790.359712332353595222635049449770174813,9498.142563783706197991586505399228345526,0.215386961185325388499695253202806234223,4009.721084888001475923518788165047584336,8375.745050902783588159315735406311449193,0.2232908317237538614798854133526228512546,3665.645074295507435111361432656648658914,7424.120662906670161481814436727268955138,0.2336767818399379661481153326143601873238,3400.295464018858489735539869585007737164,4347.52604966455319183156147887496280151,0.2446740530519967908628512773582337320274,2084.904565868303328403251961294893660185,3076.594613242116969650252957852306153628,0.399340074021919408852970053109679150163,2408.070740351589191327402530981934151582,671.03550007821496553231905098865585367,0.4600371521763650517603741416862714971533,605.054470511841001355553931981641763063,4128.958668604956504607793408224378148365,0.4436157520097907442785433055682751033601,3590.075365389443012392532460442683563619
1985,1735.257338176491047983952580953281547639,0.263815352373262008372221632999843179069,897.263551213466539556690424400014046232,1394.574297774917954646275514322818166429,0.1936472717343750407047403624427201034117,529.308795670189790086370483193218558934,6495.449515771748299196834519786177799854,0.2362256717864812241850921703687615705615,3007.408173819976606770319111724038617761,5971.020215780915442647398144428430263848,0.2448887925433633007656184701924311890386,2865.982424553417906666479726385901905823,5100.875217996830344550559005463359633439,0.2596540297394945186033134695777960040793,2595.947098880351161081091151718294400489,4054.516679209969764291896967513230927958,0.2799673197205418434164950705976264497075,2224.859048183668502554254194369642253605,1046.358538786860580258662037950128705486,0.3175616255636926135874317577952477293166,651.275304259226885827603320212233208975,324.098914290198483725482625730371957535,0.3028108775890736943891678630136802650983,192.35572625728672109288105917977554638,2836.374925340795143311236632860829728422,0.4227455717178971516852501510129385901274,2350.167281262224493234842631125399822103
1986,4582.800049324381077727896411391107351843,0.2298992808123639363712685662298604163497,2065.021573475220720418256140078657534468,1762.693187487130568087132692923172104135,0.2872194025414143273053097421268545113976,992.30818098079474678937097007070859447,5042.625995359976301267644475533403324208,0.3114074603058032882602762168247607108681,3077.810254794664288312130877155278965674,4004.980178342078548882753124358010318695,0.3641545568147355908880692626587954131106,2858.526292516082231476840819009681647906,3279.932807872845733180511782610231220073,0.4273319632322642807007725422303015472488,2747.175447074103861610361901334923601509,734.134406711712369096056814935648674624,0.3565238352515951637807809846095105289314,513.003371971187635099970766458995079856,2545.798401161133364084454967674582545449,0.5209381681721544834739132934357440932435,2599.358969047501772690066686215476204865,1498.590240082186162939091073388562589525,0.2095661722679601186270663559875606280981,615.545488007808390606028078978980663472,2005.689595681150793854178627503568171766,0.2543773509639507483378985027439731385165,999.995932162443998339553083183605577138
1987,17777.7153464644064547679886263621729466,0.258871362413880296108999201039581810978,9020.197128996962195398994212458834285606,2700.386037113182829447726956116940376071,0.194358647092190943101254350415112451053,1028.69301852792382674426964549479434237,11084.9782853952877833169730015089289504,0.2118902623672045638747290204644704191841,4603.645956165258920890827506304190195917,9840.149038429449284165016384359576683711,0.2266951862528398142303811889219581263493,4372.200261284034552125157723928842445093,8384.592248282104953869246045391988574284,0.2425737734089588852991452221227257917683,3986.409073116141074511220660416315022323,4911.306698192994146512992295048287986735,0.2274479704741952352794194489310460876676,2189.450812125422147365545314990970995071,3473.285550089110807356253750343700587549,0.3731570444510207995837517925574270737331,2540.318701995153480832974293793545085276,11911.5679854577340416444286932076425756,0.3631990933500604062844787120475236920449,8479.490557683874863580609257675434788477,3096.940132104423652681212419591192554924,0.2348475865744271266603742927798747934911,1425.525474948814375903761280040330116568
1988,26459.5843279339077256706335643813733948,0.2097282201226234786081611504297127243721,10876.6701915128003948221241019840508012,13257.2943146677777364786085606985503304,0.3389692691475155655189473541721975259701,8807.878114844241735925223956009219320516,31670.3583719058421549043704782578704724,0.4704263424013513503441912402769096119591,29201.1988688139367039474669428478808117,22482.1607188296389593892254616024450815,0.5373439163216289530562979543185888550856,23678.0784845352856215001513895550477276,18413.0640572380644184257619175593201421,0.5761024700387406975547741036087025173238,20791.3109013385542609377796769695836805,15697.7449407473371884460831129621977238,0.6744205022169498333763342705315227351997,20750.2868121603090001058339224447399156,2715.319116490727229979678804597122418278,0.2458382829928335529235547231878251937298,1308.357603176368426715296459348637888537,3703.357923088746222052088416437574903374,0.2168461012272923545643228171839559233343,1573.995105059154977232963813939945357385,19181.8097443978714341722217091859526925,0.2965634330248279388280311212073614550906,11149.7017648783509359369548556238284546
1989,27575.4808258400866569292798364073547689,0.1906368825679384100411367654604982109263,10303.5312519022232189791759030233021307,19038.7883512143096593730752074782952496,0.204164177714814574611669725849196302639,7618.595594087637362102890704547742707526,60142.3598515839936233997897226274545019,0.1749596553505840932686934000589581118038,20624.0736411437251900193717691921522921,49412.6352975144918498229011983978849937,0.1834608045583318437181532052741513284403,17767.9523809776938643056806228811416297,41103.5715003696839640267145151491592523,0.1936431325523690864131368616633596459414,15600.4717150668593172962973187789648607,37363.6273955346952733999148152768319193,0.2080405164835541693400908663611629060097,15235.3707484895793423481904290342139844,3739.944104834988690626799699872327332933,0.3895017365256144994306513835408704169746,2855.160857750247356717888602358194305678,6666.262319752109125959740019677615420122,0.2848670547431797347318772863734487783531,3722.037085819511982912488992229285842513,12308.9518560756163660338163566819593435,0.1988464573301810468341889412015390680223,4797.279281255649981585530235027433219406
1990,23937.5732429167147272521055107238528735,0.1725430990269694862062554915998886105187,8095.315618215111066277178189527074507985,9954.974206053324689010781727142529031963,0.1741881456709600833151146628324359893664,3398.715454423146773855498415312671602068,52941.8716952601549532273498564219739757,0.1745390830699536898078539071861864947587,18111.2344537277706382876126181946537223,47566.7371413719074580825359356720566334,0.1856974052066407910695137257991866227998,17312.7185361462547108553768442277572434,42986.8974892068302642165681292794449439,0.1944931453957780156990349231952699690464,16386.887530824149567293343491998868534,35902.6811139976124028285414300242664247,0.2224955740921722166351886406476778823978,15656.8477859778922989358650580684034835,7084.216375209217861388026699255178519308,0.2144876089435874273686999819991595691932,2978.174197852960960371877597177849345561,5990.435284602804273930519997170602506106,0.2776159572504268500443718187507696073675,3259.559234728211795732957419603614980579,19031.6362503568333948421555138319367876,0.241177084425819411670389384640496976586,8996.389303719038570231561757083803430867
1991,25932.0513588813917429601467614708847754,0.188221125791706045053353127099772310756,9566.681405679712389096732414598745736041,16443.564414499003384430244473702890331,0.3955397943140275634521703844028393234577,12748.0048091487818036960857570927977178,63892.9590719602602294142943929353842981,0.322196865467680308606873820122160025365,40348.7778313431527714811105463715474746,54968.3219543381744836580480885934037615,0.3183451443549389304801451324104640479818,34297.8408395049881714983066081815331991,47449.3946574612568449840499192324939676,0.3017790340775438061240978997871711363504,28065.695675093938260533147144741834268,32973.2330198079555603818678790736940705,0.4173533090081980873993496728470336878164,26972.5163026498512778202268491522490785,14476.1616376533012846021820401587998971,0.2489022888830577971350579519068707921972,7062.173541071921252527639827840732184844,3633.062712297038604353335097895581916406,0.2358863943482369674206710231065590435302,1679.700524743758283892713327822042437184,27708.3826814038970629108892931938629086,0.328302343349444198455999515498069011394,17829.5848508669888029315036424418325498
1992,15380.8598108449680801710057432154278313,0.3298900905026124368690630844285657324183,9945.026740614976216302534131285756214011,16872.3220182969448081098426375854599605,0.3679853142212635254504036079606098274822,12169.1827703088750882014099560921971395,74537.5970133588742323181196582159360944,0.3247889268069661205964708523119723317019,47449.6128358483457532764798215634206977,66517.380109452926580006872386319891992,0.3312982952106880715495014171342072485168,43192.7054790004495370644266806108689512,57665.2749950619294242082770206304761344,0.3313663683942014214044496228578686425299,37452.3322048305807999240503425682788251,41423.2832846176898298193857390638986904,0.4368134839175207644766598956327413797225,35464.7274262382616902489963766312525148,16241.9917104442395943888912815665774438,0.4032717991973460885056714652852459853244,12837.876950453689083067341345734910828,345.558113120628443891627375879135142792,0.2913412950836469527914906408537938887863,197.323682478321519854993124840053681358,11012.6832357168024729236148228537284034,0.2245644867504875911535207124463361601751,4847.192814805907697106748056657902921053
1993,8056.376984898269165098721037961980184654,0.2225659648833307978944883914495130239432,3514.427621531175552586479406935962155225,10405.3464712240434300082150158146073115,0.2379497352206299200016235775930640043692,4852.860897905086957895194096418019655589,45337.3715360832828073669223203083620881,0.1975182125774740100894198605799433400287,17551.7149139853138120724831910761001548,40825.7454157782483499063976873986981647,0.2015395816266812121450969381415176433801,16126.8871553589593070726031095183932808,34932.0250648592393773587073044937547766,0.1972240160462106023567887437381009381693,13503.2911729601219856153186638124672743,22941.7183410041869394837425421442194948,0.2760165997642876517068612161832836945487,12411.2983748985811230951651794565216009,11990.3067238550524378749647623495352818,0.2581807337173909254445215969929198786799,6067.505727424467991861920932998538096548,153.170965453349767309135847056509942718,0.3540418830040378677303860841695074506563,106.288716580074753373773943805974251436,5171.372256393723812009259806011917223237,0.2137824220978168306456997301422589437053,2166.875033620952912426296538188210217315
1994,3217.216470343858904140381338352837026386,0.1870096560364921002036752023414616124477,1179.235069207326792729522796211725197603,5174.038229100839308134109841798843968404,0.181966911024502469968035358303287634953,1845.347357981446835351880559075784795508,29086.1063678944973950424630601587050491,0.1716517646337918407982523257106829864393,9785.655709375510267015569601276662911962,26534.4453537108235335988929560884847227,0.1769375087658569057822781191506187401254,9202.079768443945372453133544449756475309,23912.0681387936580869083532183598610807,0.1819015710938908368063613554635918011317,8525.299814599443614808402408149704435156,10000.2815017408128603077523401481054904,0.2235475445974672818428767184016758385071,4381.655214995357634148431690858750709562,13911.7866370528452266006008782117555903,0.2608799031611782979061537858909732146033,7113.438879319708296783327974335073626411,64.814132321156715605768553691964882065,0.3268569320681902838041828720991517737679,41.52249895250383298993515596320679488554,5267.513087887405886912287233173711407111,0.2998488123760862157691790130896360308651,3095.736785413917445033679918465863533907
1995,1984.701146121262312364837981019575623531,0.1830678499815343955754245141464540765789,712.136544485560984108949671687440787007,2930.19690722366441155957284381217208428,0.1983700596196188195217016795929901339487,1139.276136959034728909188176978064821178,17687.275959390762208855945365385596386,0.2403360915497352520163706683637788597433,8331.745917513476490099247361164384244981,16321.0984402387643921957429676144566714,0.2500455659308013015736911686475595333734,7998.795860359567687324695698200780583063,14757.0790521670977972963725215734243018,0.2594073219955743289906940595586970155384,7503.064940503324111964456294005526805766,1241.156684354136423975626920604850813244,0.2619407664738309595686783878239948628867,637.214685099128698859061392372360029243,13515.9223678129613733207456009685734885,0.2815114484368616887472874016132443197992,7457.578290137479879105130792368727223516,250.075454853339616564920060621462718578,0.2506407781996110253205579821204395387369,122.851048961602961275873229237548199909,5731.654736160005855024952193022701059774,0.3064238234173981942496990750796285858241,3442.37849517467183464070081571643318259
1996,3434.585891512962329800067107461510521528,0.2083124151473451734670060693513092110763,1402.315088900443167766095636394785704318,2302.803892444841406702497100102095902807,0.2742247749383123128921461617800190768506,1237.712323100202129804549339397145890974,16544.7805243315420585328985877319294769,0.3281881754286128475138084000668092507087,10642.4106129685460552947788829087158028,15562.2103142528263382912954336735266437,0.335026076161846314528770412101813570778,10218.9426656594938240088136753502682031,14241.9766318867006518304014876298335741,0.3463143285832049416920845423111552553151,9667.113126940293028728429772264040813923,330.136451617357624844172734323085272767,0.3498559893494778359102456329606933942417,226.380421205796681182826527646297531118,13911.8401802693430269862287533067483013,0.353856602621473494149161962558736209685,9648.681144709913506549736644651977760896,1014.741861086100151163820582973625919216,0.2800308322078310538075195598139738989205,556.951655358685281823802199826742473216,5533.398600922571726094669291426736675307,0.3581785291599490262616469733246429111192,3884.611361382966343694021029090617579753
1997,3301.053838693516374410019475902884218661,0.2167116857719025295418506594872543418236,1402.138806725880603017101582776910418995,1226.059906680919899930898246697348497549,0.1897507505574906033493914584992406257397,455.985743541456820086920725664970064579,5786.587252616843087210010474135432021424,0.1775479569768638852075120898963099283798,2013.697619358149124101222555525675037736,5026.16637061227327657983563115332866686,0.1904752323624733315916017086090799791617,1876.426006376251127631150583034678669084,4560.527345935923187279112227438083523875,0.203192786678350538882107112449651675644,1816.265869881342697510625106613423293251,315.521223770226897681821765057329684509,0.3285103349554573421525727734224639183606,203.157886496373572648155814601503082436,4245.006122165696289597290462380753839369,0.2171218416219257730265893848466870802941,1806.499752004292574970486586337220043713,967.001641920369520433359083691118276651,0.3733208164069137075131193049088472865613,707.56361115993522416261124862517701628,1946.644615218703395188479452438439562833,0.224612917224331254956553808984505583949,856.993390613685232393534638942952515816
1998,3174.671526208562297684742144269949708706,0.1378135413385142396329262272850387351148,857.524942202161673381973687621634253681,1624.412606168871732575695974447435610968,0.1660679009546766671568933284089816364412,528.735071909929558408572092551838681192,5228.971134135433806214437598911689784711,0.154191684454282735321740459152020819202,1580.277179584920915473036119875041991343,4259.156286740017405263911932586717867647,0.1593324973581504055782237725164325275418,1330.099135297708888461432070472085825954,3604.558527966562073638741624464254173762,0.163738347932728092895502638196969849396,1156.800738456299447592704302334924702596,1000.70641001905367359876257346190864087,0.2791232260285275101182213289810023033171,547.467986885011504355281263990705946575,2603.852117947508400039979051002345532882,0.1886846873689501067749078794597797228743,962.961764746612274795066269622225092054,550.101638284441192821501704028312606664,0.2114159967189481068513153187764503822362,227.948560863077539108216063976585686958,1201.532742076352372419549406994797959254,0.20910048759896315413014548097945774795,492.432521179197645952806354236003506693
1999,8469.544470242976770755822625225542968075,0.4680810130104043953569007947039697808682,7770.28859252128276781814551480306173337,2881.845607997302068249044005724755112645,0.2719897328231943763996033063215735350774,1536.311537235489395065900698490458412934,6364.995620583302772688147955337971465222,0.2410046632107412259515544397916518103675,3006.627506717982587696679050507930050201,4497.520483028589233609020669663477544921,0.2429937132225839549949044885981565522051,2142.023636832862708426770774178142253109,3483.150012586000704439103949613216352586,0.2523661876492225338655208072461876789226,1722.897407785874149352292823346971257359,1645.261852712597138037298086216964423279,0.3853436088549148783035792944229805115083,1242.622634077767385429712618987156560454,1837.888159873403566401805863396251929302,0.3478148910125390254097533698574298096897,1252.919945238423372704625965740905857558,1088.539963796014921304665409730316013803,0.393821840822670235985982292297817802253,840.233992208331243348921546822724257713,2271.678879160681238369906742032872544219,0.3338111174628304300680587922419489104183,1486.290863731900792988144745086692453994
2000,5297.290861785626732714736773060406553997,0.2452183646988735625476050830948501352218,2546.026284824261763374415452929141569242,3602.594716541265803106947971969059477179,0.2823335392520967792584234023988828745488,1993.58130095151987993888235094472650886,11131.2680747000356128705293774676426945,0.3138334626807036654857603907001433516544,6846.994231664152265012238791595607280151,8912.862636994839218651138783254033385025,0.3262616987584419243085424641350007697643,5699.534381303301798419812095489911297597,7528.673358158769809763581405498583217352,0.3530449131332680809114226627558135141278,5209.60127021022865273453909919953684537,4483.796437537512817395673137656363306125,0.5204278038560715224311568348118856279664,4573.644972533636937663584470242303850082,3044.876920621256992367908267842219911222,0.405010993827158634406229464979851994571,2417.088910296299665687158311452088866258,728.761363613679345082602191216722087237,0.3021052535677780499568727659928671783188,431.518767628024185498138774140940218739,2884.659861079395657421145584891995680346,0.3886334093627111213228861286881063783808,2197.307385459578327027184783492114246016
2001,5779.995883547887199520967458335565915731,0.2592535040383770116260576458492938648783,2937.029004828881967888319452517734988979,2377.631414672646512362763683870513550356,0.1559328125008874716006818462217429007361,726.671477017524450982967365641399961496,10450.8588895697511595013087121276998914,0.2196134726836952267313086440816713240778,4498.492850000732753656606933162981552388,9036.243505263763423385933914339189056508,0.2363143819589217160326273038444959733772,4185.372826386384182420834459644508211271,8073.22747489710464713854502825718634107,0.2518880116004428279035301518379988360915,3985.756463065795482942065748791230328196,4473.181189297183158519058006701976211868,0.3487193287147169264343309100450672595241,3057.374093439985116086860931597542008903,3600.046285599921488619487021555210129207,0.2091171351342665198747647002704445988881,1475.549476567009527198009175058172752824,2617.018138646757637132422844574903182163,0.4288531091289683930082268392240133125667,2199.740076194912670966037924538260734658,1314.153123949163901832625199942615255904,0.2398582028393069729168954324681048005328,617.812396869570647683547540631717280254
2002,4358.810830463059825646263986541080420949,0.2108816099615043994959883234726378855773,1801.618369073556439866814714838071722684,1996.33786695097293954479982099798766588,0.1887501059875259168394433863921583302318,738.545608588858806963663917415579768164,10042.7195543746286369045297218880146897,0.2252717228365688581420123476105937880043,4434.187842517804446523691113689110276683,9029.768847011237000749197578747275857366,0.2357047654309600590106869221618224356032,4171.584714041925598172170313198609743844,8046.381687423655697359729900890027023804,0.2494390415611544793061394984666467864322,3933.880202846515865377818760651470508678,944.432206940742424365501087354250677384,0.4002939328702901683706772948278874355889,740.97894559352797926559107907761883904,7101.949480482913272994228813535776346406,0.2753377003201120635847503531412605848403,3832.65149798172866977315892530683156766,1767.916769195076148840117866692030184994,0.2799595908817767196231467709314435874396,970.092700617096555993063253299679023351,1701.14569233855911752624594738609669847,0.3315823799849476857462026065303271708106,1105.577077238851596078658085257665735624
2003,6280.81777079908636350267859352104384852,0.2097762781482644540628583020292867091788,2582.430488343994424344265477093360199772,2891.945660967336885997136279585689251743,0.1897237305639462400126249975188002115596,1075.394609998403270242580674663985036583,10882.7233568494950137076299620732639519,0.2315301649511534371336799043049909896131,4938.570318501102306963240372023929803581,9174.965500979126625468703616237846600705,0.2582080479501948125033708976369017374415,4643.337866755674935405234877187119441332,7990.777695882158127710493682487574700139,0.2787504205097307612461776252933588703428,4365.767980136780931094338778817526592941,1557.892285342147122378201956322891532511,0.319582843270846098070613374501777392529,975.836266276344917514526718618534092582,6432.885410540011005332291726164683167648,0.329655578629783742482717414875320394095,4156.447662050496087047014280624541387078,705.400040409050343877094565925602717775,0.2372467891686747510693231355390622262346,328.013633546341209015168146094309136081,2090.055593969080371346010637500599536041,0.229486998219102822151991700002147901384,940.095545367176147134843827081948085001
2004,3443.566227849270998005939587287605538848,0.1662417260510152121526042876201645925525,1122.030211237746826842026629036880791295,2498.208356791534634791286688818842635659,0.1578559403223726243061118384511905122258,772.939777393772653005368050089873307069,9011.28659077271143928785365292524414897,0.2864700759606126681706021510454448857829,5059.669350156557658773453840771334303924,7773.485904053383093851786851917899778503,0.3256178327386545113352869004387969263286,4961.12384048859237234689737239393219951,6513.078233981176804496566964106401513321,0.3760697038366288667388427912340630099499,4800.767948935466063455832699049172129349,1597.142168557846453749357500703444390804,0.2630856202535327844850946451205385225568,823.562870574302345070469095898810235872,4915.936065423330350747209463402957122507,0.4961397555304336174325432347850274869719,4780.422982696650769836635015468517475529,267.359392692842436926640877353586953598,0.3837684715887030777704934378276345315732,201.104046777287383544259360557810710377,863.466326714388618128711343315852710985,0.201392782938504792299319057963306113642,340.83593756096990053545534203057180516
2005,5325.231290598949227430982366779370011149,0.165232696584450047305477727300604783731,1724.608559119848810024660734771949875046,3928.125076882135473683587961430106178526,0.1663299131955511518107929737746175462532,1280.594817995783644153005890793847601232,12118.2195464372664159454005020981146854,0.2181724476797805155937941106089088215154,5181.968775135669031534747381279045732931,10289.3393162062163133500009807675915288,0.2395535898382977291776410657110970105614,4831.102413712608140354979778474657680375,8190.094469555130942261812540668008506911,0.2732520385527109791733775365330534421297,4386.401619100638289555555008893860963469,2368.476693387889761096957948799091023728,0.217665914746280417576325386767698333038,1010.45182620218029199777071896394696514,5821.617776167241181164854591868917483183,0.357656575512674681198533190821677556268,4080.994160424668765200835842232540052855,1672.963676113909712021501019323825153167,0.3935121609205949704753551920199834094991,1290.329840605324047168331050758932960781,2819.894545517964448002808379722893548538,0.3657723921310749699579629397543818311673,2021.621564004093602792461679057158283034
2006,15135.8253609850932939967254505794374106,0.5085909193746049228673637955421578921811,15087.968938240265269737273203247927018,4573.073258082608611789974988803546125019,0.2049040501327654363893331053243088249971,1836.600814984536899505926167085674459057,13500.4680776833959161131969474019351632,0.2065907061440514488237863856781309477974,5466.57961754992168262675066233470493309,10920.7026672262647810998521214801860734,0.2200823091177151624641172445869994610722,4710.76878197464864364279885757852554073,8927.394819600787304323221958598389038228,0.2416897207380072357283255123752886804742,4229.012739299803666123553724116027304242,2133.543119988018559953551422902792041264,0.3365001232437010791635091607451389207847,1407.15754473056877887788219185068961237,6793.851699612768744369670535695596996944,0.2790859237718581922213423759842816880899,3716.294020008659261434294565558632302037,2450.791754418040150960449085942785048512,0.5016120868670787188428356992440791236088,2409.5196621641139330237550577328205724,4024.986316362260638056041188736046944993,0.2938287668453640984262534890553489373031,2318.007261176127658289538823719687789134
2007,12136.7032639190304095771566069294342536,0.3336136609935270600845492524142613387172,7935.981216205508911360309160627684333817,6344.961853999387431803685299940264694062,0.2692625429740264444267225920209785657926,3348.582705206894379568861230208839715398,15801.5246569156795502148386047900346408,0.2824921705039449659745709513358007591644,8749.061715303280672331438368795234034674,11883.5627381540669868935388915302135026,0.2794977310917287197064094111003928414992,6510.000492296534779689616151300745634536,9456.562802916292118411153304849769946846,0.3020420073048099920499961895883166023964,5598.307253945800828151966515648499275363,4142.507081747141011253222587532520427633,0.6059079731072304087157376796066766943285,4919.557016188166142868100196181817910337,5314.055721169151107157930717317249519208,0.2561562499855902430697948179235804299268,2668.008028068355779593127636166178230151,695.985894628388063598317552144537803163,0.3278528570078515290057669606310709492682,447.234689422521765453583709796162403168,5915.672893725575828463253019006826280995,0.3771580951758725967781206688594255194827,4373.042083750917556071379384334524838072
2008,10423.7840967568305348117310576621310147,0.3551882481577221610516758345264897181133,7256.715000502710432587749423214570518743,7989.636914023702980642803293870944427453,0.3382513813544587334587104653412446816006,5296.911216470621067301050628615549927571,26753.2184081022239229532186748133716533,0.5529828855812256741865575663187787108749,28996.3809512383798288506470790932960471,22447.2410275659895696683023121708843795,0.5935241834567355540544115952509443108721,26113.0415874155695110586579466911924767,18763.5814940785209423104153809424272259,0.6481499991014832147767159204709587075732,23836.7660439140968338309567626110894638,15475.5589124671458105748341542597165639,0.7792816431767386274550890202193161282936,23637.2451976362064396672685399426167706,3288.022581611375131735581226682710662034,0.2721858784926073517283101614211964735976,1754.10849716366886708378078812056577089,621.818013390272750192812659947743773331,0.524086230368358681046430691031315686822,638.737066881185270063925792850085254898,4457.250597775116449799617712617893685233,0.3050788010928148171559988545833207054559,2665.232830337350799046767857006444502141
2009,3849.179907931230108006349968959652236057,0.1987004257195289959322781919010845204818,1499.074025298905981198224724048293472327,3153.726664081250767927498935223803450635,0.2556169865022204663452829276750966076824,1580.046368003333718481773807363728314983,10936.7241434207329205069716799239929289,0.2672159376914426221672535836290495353815,5728.035314623349074364447401565758185743,8946.908219608282327909711705689502712486,0.2862710411918583829927417322595379196161,5020.031833691507518541017562679965808555,7782.997479339482152579472744700189478266,0.2930291919578397850777761231965567699096,4470.065106266274512705380544454779442059,2643.714956897822104127633929249615266615,0.264082357470518432760546669361895840349,1368.390617463387899715412707749528559427,5139.28252244166004845183881545057421166,0.3574020410605412081518673478690138826129,3600.108523690535316266991376739463838485,532.58370518464823573661364543824049112,0.3401986848813787700509937222577029701995,355.12118114241578453771352473452970486,4020.81170593950033379599983039285769788,0.3863509886239627813999662934934855574173,3044.751372214635424315457918579238399553
2010,3673.932915202990574328286082235306180041,0.1634293563896928425186154829143232500598,1176.839843831044130778009694697994782161,3170.355305926250426004951240763259281354,0.2089940538798201600917772775513505053526,1298.667398944852036525937048072028839893,10752.1342237059509468715239520516445949,0.2571846236268147658562619034902255653427,5419.955843277265939909384135527799606571,9137.499363504930861474593540881179442814,0.2695410166237911262114048672475136265452,4827.344500963192272091572212697333568959,7581.778917779700520866572711288385313581,0.2925380567018190211818030696213258799343,4347.199387062184407637769451626117597853,3005.774166994265638724740319164514948292,0.4910613771817221745822628154206675845808,2892.998419805237793027272341723727211163,4576.00475078543488214183239212387036526,0.3005223967411496116601063191382521274497,2695.37615380165479669802877447063608634,795.430803749556320059442656060506568358,0.3098331227795889882179491342971297300213,483.043587366374735052655830932386533181,2114.538437099378502424940811462358809486,0.4226993315876549730309987335732696077571,1751.875408597491327366201695261408482183
2011,11865.4948321637158051653236454229786113,0.2812199432883930929596528339576342114308,6540.155016228010899900873940221790476933,3024.907214021540740070230335459749259206,0.2026593000459994725094636317382110423116,1201.530134247491544376786755789800494154,11524.8583223152616869707938557750287218,0.2789703317141007853085772580319163031849,6301.583356303235090694511382752659498713,9813.759045407381344083029056050732769331,0.3047579421338592824451341429598025068335,5862.009182100765634521644416783243006918,8499.951108293720946900563520315279462612,0.3224282693323424566566682590316621443029,5371.62406950307441768938599613817664048,1512.835744811705160818726051761466361818,0.2526100607973852732850572921298420872784,749.028757767751247450072992287777412068,6987.115363482015786081837468553813100785,0.3570711904237599337046956639208486636208,4889.99929691466430856040432897885668424,4390.459311809206572736207157258805961066,0.3645567093688464137090723151466100723981,3137.119942688709737278444346211518301327,2224.669635735581819346078676627051342003,0.2691481786934003866338772089090221659566,1173.580930079374951117298010978485957102
2012,30881.5149799497770737963932264281781205,0.3489818210842667816422954577008725353204,21123.0911776661176398581926613967486266,6107.275022381899116508215876123208983452,0.2635090641968007294084043351332990039465,3154.27175884308495303854739985094482293,14485.1347960270205814601180630321338589,0.2391692229436895621727716752663018923753,6790.220929464748165559361979668257418029,10601.6111733359458991618036571470742498,0.2356050521329618283832771729592353375627,4895.674580246924058814801330843780733884,8377.859773645121464951902186908924875416,0.2497490647271677387316044488729142268755,4101.030780051131390058080064111687112455,3351.912561706645202574224607652982113662,0.4939837040271792676544270601603152694,3245.34875830187618701060167281008343533,5025.94721193847626237767757925594276175,0.235272946909799982103779006725912778898,2317.64004666908239437458457900674924701,5694.306539744497659645116496565326229661,0.4468900777054128248071545742011495355798,4987.669020368723602689725781394625365048,8550.39600068063421884079382724559948642,0.3140869314583383476743595052374101215927,5263.712579510560228171693744755471350607
2013,25423.068100120222038641346020520463316,0.3218285630169478452948818729939681577944,16036.4641693216469255971592583154828004,24759.9077412357486467740993408531181728,0.4256223687211622051294899349350478977998,20655.2063409987124914995734283752525459,39157.340298493197855883952483346827154,0.3380377989493903293321598629249552073187,25943.8558093412109049609196976917460109,23822.6325372726113246214745506047114416,0.285986606726448392819096274175775554651,13353.389531546324428658225398139603734,14397.4325572574492091098531424937089812,0.2275546022490154192239857230041747725096,6421.355996388537789805114626973438447993,10870.9009336704746911759374021705410016,0.2911434945956238589304084806327472646625,6203.384490974038332365423200454559987959,3526.531623586974517933915740323167979642,0.2249075406438656549877016446533196761936,1554.56136674897941671267133506070804562,2343.876989184366952862874617638517222159,0.373932556974061473885910182287648234582,1717.845754964814930651554903146451634259,11054.2010634981037643510822303506412046,0.3286958528870095710775450536887517236573,7121.601291239955023846515926421322553133
2014,18262.4865577824375009466990826151895674,0.1649266804644226049604363425320058216016,5903.463718602346432735459329960018015698,15724.2165110616103740406887261383328162,0.1708367872782196410064524860642701483539,5265.098277185126642398056107622636355387,39933.8495099266049068217210018578330859,0.1588027476738715075494990214166312186293,12429.5458536476147182282232480629084959,30403.5186294992093710492769260143801254,0.1703406962769811497154491613028546459459,10150.7548039333634821717276126919141942,24209.6329988649945327810322757195002699,0.1879838374919993279757687775969233877676,8919.998642183179707146036646765543321705,14899.4259520470463574301272325581777933,0.2622023601433623366124890294899380149827,7657.06271283967785305090051362977689679,9310.207046817948175350905043161322476573,0.1936040452651245534058995100345623390181,3532.887743178854316274648280645171757474,489.363931985600384931591884583614063922,0.2009518422873189783680793955812704686789,192.743624015686413239754796564875380908,8158.915360980577977967892784211531611514,0.4713847355501742450955885878266025151974,7538.13679323168501204234336468441138686
2015,7852.607918196816126854581737691912161969,0.1698437518378976823631595595711298806361,2614.084125455519549515723699613195060719,7939.888917727143290466968170022405462045,0.1137781176095201468752509293956730276076,1770.635805571861703662092771975376473432,27240.8843044652692846676040479783573281,0.129909459811022880573597612782310317743,6936.143186944603555078421950130400641632,22853.2443132388388599597922857072381927,0.1394651631190913621270769622318298139065,6246.973634054751359090170223536478829894,19300.9953867381259942006358779559518661,0.1525629384003159376430467003226970836205,5771.448477693353175792198830838920184543,9083.702723062013003550626746054392943568,0.2169148230656628216244145541005666726818,3861.963947149989195753724087055718093883,10217.2926636761129906500091319015589226,0.235117304535178585743547313445037553567,4708.434129031942000732817391562167764967,628.208348786322226602794409511084717302,0.3018452062146817178926672185307676966563,371.65849002697657476719485241930007304,4675.449242851955134324940701887924567829,0.3411517443978611668932888788091313712651,3126.273823483503290016416035474401246429
2016,6996.797949586838698917814416581701284034,0.2879532189709920055409973242208217037731,3948.910964463407020580169147891189567044,7827.947639963435445338269838754220810976,0.1570296422930886733148088537694226291595,2409.27084287327246130665268280542231562,18522.9202182007384351159441349781727711,0.1309788770681056259919494441837659130119,4755.178128796003804624974746196117323852,14142.5953338877970781798070299742546626,0.1337183577734546037746481388093431507948,3706.604260495916311203516949782296833682,10694.9725782373029897776742962239519601,0.1427475619416257122558263881855421879857,2992.295270728798990994086423275460065589,2640.216246156858231569070392694385900969,0.171018804834759149542916163057684537619,884.992188769197912447102586355194302409,8054.756332080444758208603903529566059132,0.1777179496391102446651320512496250869515,2805.690569152754597679153809680586996588,49.65009747559716448701723069907760429984,0.3259057382342529305926432691916761964484,31.71525327552673897260684361403241109592,1429.329519276472907228191279320797929135,0.303294875371402655254941911133712626079,849.676304090704450283136669739890930589
2017,4565.176020986639156299066261661915074786,0.2078351221394307617936734492712727962735,1859.655675183127012305632282062240877471,6916.836800556227745792540773387126508974,0.1585547035813099621668506447549554758591,2149.526136919678565205028950632911174217,19387.3140129500563587381905204173390496,0.1655915807399704929699398680278507796066,6292.336908464897978074033084112655610811,15674.5068380057388954446196602791108368,0.1699567662686015091986468722725442263691,5221.417450283373430896341672030966123087,12470.4772123938286129456497470302125406,0.1799944675600307808300368591940517416343,4399.449135886075169078933588231809900675,1629.142152777646260999463803556000998649,0.7438585676898733431327115174609014855855,2375.228642723618451001608978499323389412,10841.335059616182351946185943474211542,0.1733168495215696793635394414567220285428,3682.81263279521443010824858203748467141,157.836851008191850627426084532805265516,0.3935052563471488158790541719267148793712,121.734875813330325687349858806680875592,1985.664980553102315399853421498019111023,0.1975974949147997062138026082746358027581,769.030354758781484903340514682877606868
2018,2710.855864724957045858153228736164487465,0.1643056185583279702712666085047162087927,873.001345365166035382324607456601448805,3703.579036657629750398956373315933172147,0.133809389888612289017198371046828781607,971.324356546847293442725187008890803541,11058.209613215593734074698069259748434,0.1442527276666824054222406019815902268447,3126.546723639905702545957635851889567365,8861.135136164943418892415131067845480826,0.1497175702407010945857438497965404709425,2600.268539435793973845875047371525075445,7354.630576557963983675741695943815261869,0.1618389676991137805108671050686938826249,2332.921007824218631023904907704988664851,101.587600534647166579209232200634232861,0.4406671359621850471709990397251938760618,87.74198127467207047570210935800559855783,7253.042976023316817096532463743181029013,0.1639474839467915753180162692990212884737,2330.671567878865368122156323493736142911,989.622520453270252108562653333859982701,0.2535873408731605077587028369887808109569,491.873257122681811964258481617088349895,598.172266459005497059267718935574088816,0.2292741584344611576859368793246644415956,268.805068262796574784589230004203033005
2019,4413.714990156992848446748231361142740011,0.4267686344006187586260020673643418730535,3691.924833206366995379515979069793726672,1607.351668836571603435302188831407266246,0.2094795617122940073959207679646086908559,659.9463532866023489767188054906365698,6376.512050400450055652439132370733544016,0.1877830498617624942799777933266245065487,2346.905725396775139092841551823978181342,5520.83277599382492227236988040167322801,0.1975855002175835381859010056658375063395,2138.039551098245637693624249953148138324,4769.16038156387845221713694353932627778,0.2074091095891260418681986961651697850137,1938.767924126685244568662293484346577447,314.614443142262669044232700324605532897,0.3577867387591966569892338859951169799286,220.627156133685292990463836133641293661,4454.545938421615783172904243214720744882,0.2091223210710438271364238691651541046746,1825.828172482225947104956201542614082556,1481.100799631757239072785154993087917573,0.3294518622113717851519009664839645307342,956.384776460411143235058242701422579043,652.257568284476098052516665771111646715,0.3415282530099127428780071760381624337512,436.618200105034341091431040162318408178
2021,7703.828456601904019778429155097772182119,0.1741943916629540015189839602116120168266,2630.248874488104104872179675596834935348,2620.528327978720598904517516405893552953,0.2249193258915833995058041011139911475867,1155.238631417193132994267479486231823117,5023.095755131415376929596455782395510529,0.2153420645432848569713618651476184230954,2120.100268204874497283191089887320153475,3514.040500106713090337207199605035604709,0.2232987929652615031322286394493353517621,1537.974764125550921952302362282568858689,2402.567427152694778025078939376501957581,0.2279154951929855589896729718548508128925,1073.261395992325630159610607568201457314,1446.510465150880919909040329971155215482,0.3160220906126600461950255724771971860458,895.973352128542535221340169013589776442,956.056962001813858116038609405346742099,0.2936647629108959142637773558008468726572,550.290072508125217777566258864587760533,1063.15319385659790844062410207968425061,0.2758132596695155079732463570492057389421,574.734225934263412899028234980565804565,2816.200870966945498927131302340659543042,0.2156594124679178561121217811856428028451,1190.386841439765222850885419728942489614
