"SURVEY_YEAR","NUM_MALE_LE104","CV_NUM_MALE_LE104","CI_NUM_MALE_LE104","NUM_MALE_GE105","CV_NUM_MALE_GE105","CI_NUM_MALE_GE105","NUM_MALE_GE120","CV_NUM_MALE_GE120","CI_NUM_MALE_GE120","NUM_MALE_LE89","CV_NUM_MALE_LE89","CI_NUM_MALE_LE89","NUM_MALE_GE90","CV_NUM_MALE_GE90","CI_NUM_MALE_GE90","NUM_MALE_90TO104","CV_NUM_MALE_90TO104","CI_NUM_MALE_90TO104","NUM_MALE_105TO119","CV_NUM_MALE_105TO119","CI_NUM_MALE_105TO119","NUM_MALE_RECRUIT_STMATT","CV_NUM_MALE_RECRUIT_STMATT","CI_NUM_MALE_RECRUIT_STMATT","NUM_MALE_PR_STMATT","CV_NUM_MALE_PR_STMATT","CI_NUM_MALE_PR_STMATT","NUM_IMMATURE_FEMALE","CV_NUM_IMMATURE_FEMALE","CI_NUM_IMMATURE_FEMALE","NUM_MATURE_FEMALE","CV_NUM_MATURE_FEMALE","CI_NUM_MATURE_FEMALE"
1976,151684.6567653198066860819091858717214922,0.4545868073228824628498980402726873810104,135149.5339240754298240938233489635928966,384130.6564324739308469995023909262498464,0.365982015434179412884668072532356270352,275546.4271891738413133300535917772579839,282199.6037960483706157003098327020449282,0.4504957317142643253034873688418296870065,249174.2453230895386668225560687262033688,58506.6839966516318109287287225651280493,0.6759914672923913342390939140201577738674,77518.0375561652618601392006986447358769,477308.6292011421057221526828542328432902,0.3202459350597884359332761894381384559488,299598.050610426162500013922928098103901,93177.9727686681748751531804633065934433,0.5424681861855675354626155092776964682131,99070.3283253245532840175690549275758891,101931.0526364255602312991925582242049178,0.5311500023383581944456914701668217533316,106115.7305385299470947221418019447785008,223952.3881900618228030705987101798583473,0.3928045288009860965485739113736380525465,172420.2441410314053390939590882451482244,58247.2156059865478126297111225221865808,0.9999999999999999999999999999999999999983,114164.5425877336337127542338001434856982,0,0,0,0,0,0
1978,4887570.2808749342472692636101250943362,0.5046448126817247712899222787490844055466,4834314.49816735639641215178966866700897,3512684.74061330045791168716377161552896,0.4164786674272206518581123011276281660922,2867398.18933061681960327854414046118891,1521417.44437962984838273415320746493714,0.3443412652314833427330785041169123936952,1026818.14317614608876491495589733355894,2674334.05384800352257939223066999830171,0.5859422113706502321116572656068374069224,3071330.21053284816832730549234246159196,5725920.96764023118260155854322671156354,0.4112065206300257294516658093864558011679,4614890.63547146523758586459907078745231,2213236.2270269307246898713794550960345,0.4279783809957740327315581106918500395642,1856545.8241201951345543972069722946804,1991267.29623367060952895301056415059182,0.4855409118943640724935332598299136748142,1895009.80812389360121039752373195917667,1017527.33952805731015159511716207885509,0.3753682535811490505652544302729894550424,748617.0224030507380013503014484854093937,503890.1048515725382311390360453860820532,0.3160520111315851659441856060763115242523,312140.742814183847758312139034574464411,995093.6957688652590607602104112149355843,0.5466443592674829719890422009265590770651,1066166.21723997864246296998711090230592,89714.3270539306835809192532604625203967,0.6996100364423706915211162278665430951884,123019.4854944222884243108430908024947035
1979,4615607.26760239574630199020389225114288,0.540135108720440753680657615447080293585,4886381.00526266195186379535165827092156,4088845.40180176750966903170058847974819,0.4587461574968082493925213466251475612259,3676454.54868310554006889358681846157094,1807883.04264049427471699937630658142641,0.4975017984871620487830289426455928425574,1762873.12772945360953477469770152895784,1554934.98323788268370606948190524206009,0.6074551113234585878949162586746385185493,1851324.27855327614840507112210153029968,7149517.686166280572264952422575488831,0.4718993056918327649109631619187923351409,6612750.76698135914997068270658811782246,3060672.28436451306259592072198700908281,0.5142877739840569713989536892071788963635,3085170.01860022712190511807910683628789,2280962.3591612732349520323242818983218,0.476041478335272791233025793906096916968,2128232.07922519817724447360441017748148,1558794.78704408079291687048903289257333,0.5164675966653462700491087481970109418114,1577931.31482388823493947478744969907373,249088.2555964134818001288872736888530608,0.6042958992031935551541474764377140200532,295025.1023373156049493421317214266188081,0,0,0,2354309.37794279114881190311941214108016,0.8029927000596608433624769581311668010821,3705366.75857332229056386151882432859635
1980,4226747.26060472269138114271790042990588,0.6656308714016061693214530985396221382976,5514368.78605051972248584895360515397127,5103574.47074016279570797552820740414028,0.5130909885148584905707582408853944214498,5132452.21749648110255671246310492125016,2540699.56841165705154417748049397597596,0.3884482551848537233411069695545808174767,1934383.41602490139374792549600512038022,1371157.47557851363155848066335466494048,0.623821126499627735059824903570744044078,1676499.72200659739079844895338733882218,7959164.25576637185553063758275316910568,0.5716258076708831450733383622298574172524,8917340.84433184469234951113162483344368,2855589.7850262090598226620545457649654,0.7026660422300875466455155829858033260199,3932790.90605498435501790144732151193879,2562874.90232850574416379804771342816433,0.6549992414869349901237702884718329854442,3290214.98942010476627662647278838392436,1372215.16495121773847953114031027621344,0.382595890343478222519304432039440191119,1029007.6102435746066973300570237310462,1168484.40346043931306464634018369976252,0.4436710708611840892972137446098785582009,1016108.54407305457951708492177181460295,1137458.67112268172652322169233120912,0.7751607119421056425542961998858327390789,1728158.01569187156048705854408495023915,1269767.0167457653485472658812336858507,0.8786273386226098297054621471322883481057,2186677.94860444120777570330688065047663
1981,879731.3377113668119470805531564404028084,0.4102195115061417464522776939656246542096,707330.6008406989564965164889216419133669,3476855.89993352713525591702632751739063,0.3676316144340044215491983516008591762051,2505276.20938803357793069410287080255972,2263357.703536200272515667208140673345,0.4518176862064837435651376008850933822799,2004345.07971191932818694150833155020773,397026.7596482329827259813221100097222353,0.422219946115891259048441345891894955491,328559.9294478779264265372136202210927829,3959560.47799666096447701625737394807121,0.3680951701696139107125578381420716541291,2856690.37237231508047376230544149788773,482704.5780631338292210992310464306805733,0.4343079707663131350830832415895094554998,410899.1937252897257340441532747903165432,1213498.19639732686274024981818684404564,0.2842166174985991696774173992298164684216,675996.8513325700829240155091216056006182,933520.0712391486038483710390766270992252,0.4292189427971571617414448463705692801037,785341.6161921006381588022476522683939534,1329837.63229705166866729616906404624577,0.4768661228218335244433153599283248048601,1242942.85076428177393572245454606437681,219336.9930566322673939450516926817828226,0.6635198268498142259878293908269552625984,285247.5095632032724965860774774324863207,109309.5622444240895358968122671536930871,0.594344229386468550390629535417978244193,127336.3147719995280930057943617479751323
1982,3025546.27199536220879585573635583431489,0.589476053376043802482605181987744376402,3495634.66841595980875491675107980832514,8314882.74300791789007629642738621839005,0.3379631332447519653550681380491936974227,5507842.69580376038729072269099842235104,5883652.29057577447417187419756153893546,0.2901474603725240139370783319926222899395,3345968.46885806755145398802551998432051,1356833.53182853972585810812719807755567,0.5803996564889367649643994238331704926618,1543511.20294047239881498003096905501447,9983595.48317474037301404403654397514926,0.4013808022560619423719189830069425262008,7854158.1862958803507452184664616990545,1668712.74016682248293774760915775675922,0.7865698115129289521078049802915869418755,2572615.7683843918622729096555360306216,2431230.45243214341590442222982467945456,0.5119250107759880748223949501735338656833,2439431.04409806134625178129203657194048,3093449.0697111188137314296333144178482,0.3069746269211587069665910948244299563945,1861236.33318538529517738049497451622372,2790203.2208646556604404445642471210873,0.2910348845605544919662667555843241264679,1591611.0856782714820296865830792166668,927161.6228125337065439181309748633989032,0.656751359729305680406667089612481614782,1193472.72668308385826940910557890652631,0,0,0
1983,2026858.7471843624658259847791584860351,0.4940208136829619308497199843837128639549,1962568.39870871723678980013699768275492,4996319.52699092984062497123169345135018,0.2981980171623214504002250025324897881641,2920189.44907384285197946759875345923176,3344976.29404083209571519371675178597803,0.256824169646853718207749777608366509821,1683778.6880426755480086423200723633926,965684.0901888610963755624106128241041848,0.6178372037499799466957363461896154728133,1169405.69365673359268890908082859628798,6057494.1839864312100753936002391132811,0.332023458367982890988785552660388305759,3942011.12930178998134209855013333100887,1061174.65699550136945042236854566193091,0.5313262600060638382764094305399226582483,1105106.72496068924707771163866566166239,1651343.23295009774490977751494166537219,0.4510806546827313437035244291018088541953,1459982.41378505531999171720590010542217,1386197.36640397291167516214457003903122,0.2670216115752653220845571486309290934403,725483.5232876117003406973663569905099677,1958778.9276368591840400315721817469468,0.2937142176633813364810587734789563528321,1127629.59180049919139385299228574338817,351289.521117885456148650367926271268893,0.7583320512642044613228852433035242683376,522132.4421484144529016196089265462055088,2569453.23738328835480252580128253092103,0.6886185117684647009858620814281021011986,3467971.20619566560678409164714212017387
1984,1277189.97479490468893111823854643335506,0.4299104296979387652463994906778457998482,1076191.49010515502941881194073138790455,1948673.88251066221493997505126955224467,0.1836514731398206525243665821703671741037,701438.5852166667392664413252154876251026,1451879.38022790265300328334625674845809,0.1942078268074850177868096824185868179517,552654.0248724920436561792336312632889349,842627.3557700523528373683495314054350077,0.5926714902802023015293853784047941419195,978826.3729624021735149347412737602846293,2383236.50153551455103372494028458016471,0.1749707869893498953085168064974958001734,817313.6618606113835488740738660669163714,434562.619024852336093749889015027920047,0.2859502673050260780196756653473503924969,243556.0622590203234943138093718748509733,496794.5022827595619366917050128037865734,0.2773689840570359387049640034188522631336,270078.9573112480887359825361961799342347,758410.4649496678307501227218615313515618,0.2483719601554428622858396003569097453037,369201.0718126215961060674149387254544879,693468.9152782348222531606243952171065353,0.2361078667327006751413275034037355889212,320917.5938142965665842207381043373363635,236303.0703554853104129273533726761085632,0.9103908228416146672747122359319034188319,421651.1674554232584223905661044743575891,340152.8011664250922980011960547565109073,0.6528855682510537914425083908232787535247,435278.4755681891522614251464893047538555
1985,671011.3290892260379102191588352279254814,0.3771431581623374230063596944632841623044,496011.9703582197145039819825318138280217,1493400.17282621710632768520576154358725,0.2305566688635182013541445687718305802946,674854.2034889493808319378590404404209482,1117037.95240851081633990681299841396591,0.213861683194681701462119068687372237779,468227.5687210727567224614102189208211101,292343.9886135858315676223123344140032076,0.5952980035855976918431647577855081761816,341102.3138525599643489748400918475605221,1872067.51330185731267028205226235750952,0.215859622843589523703625123734775349773,792043.4232237878492646417272411409832681,378667.3404756402063425968465008139222735,0.3047054671381516191814230260165772633197,226148.7373843992565342432575349948040684,376362.2204177062899877783927631296213378,0.3317578996543631918587832528825453826297,244727.8339198602210255178436609528255489,486756.2614783784781252737742789208292357,0.2876847550205279801250504721605375529156,274463.4174427061313507039676667155269076,630281.6909301323382146330387194931366744,0.2326679773401552190740894331023835538818,287426.8777191636224175541004610085543307,283993.987086690915410314129201278545849,0.4980716341082546332475045353603371164072,277240.7244813659492635569175581024081741,61865.3961453685657598043571789820073851,0.738243199970074098357983554356699285783,89516.5477148354277154419252587509242823
1986,562011.2658274861241414655012683135880728,0.4666214161835048494363194493760341054645,514003.1258321513281814839050991988107012,821728.8365943077517113018634415317236201,0.4494904366047085064009752263426369277362,723944.1369216509452017574834018349818201,374388.0550292175901156496543967838631034,0.3046033724193172934705095278678308086804,223518.133744600899930421696712397761923,358596.6566863743826524783311796422493217,0.5157866884203424663293093609636616475053,362520.3887805081412649089043471061429648,1025143.44573541949320028903353020306237,0.4282444152996755552042428104512131293212,860463.4328138284179434170403706180145243,203414.609141111741488987170088671338751,0.4187573831950785043024166471135550585975,166955.4840780600306307787340010157735871,447340.7815650901615956522090447478605169,0.6712371104492113717495328391933495427705,588532.5978635322076471112869460514007034,178602.3139729671842484922424852384943771,0.4780566122821700931356255769292795381883,167348.7536407994391837285442076331783155,195785.7410562504058671574119115453687261,0.428680236284105484245492196978623105368,164501.7763646221474254196814217062992313,295227.5702703343334645280124007048130359,0.4604258285670999091067187681668940117104,266423.5813688379792731413966575368452439,20293.3891575275265611825209562535461988,1,39775.0427487539520599177410742569505496
1987,975642.870528248120668701925949873943533,0.4128722163262758053756022894978663226024,789519.0352239380088170263457390215379519,1346176.53025535043871281480790759239682,0.2886443077298263617338116348385808908252,761589.7376090827483141458197562643051546,714730.1491413036570627623892412919908657,0.269651986407533079170559453248501712902,377747.672744157612254785928647074701749,650789.5936881708118149095948854292051487,0.4658741235788404519323023437908748278379,594244.6219236642597054677406383033326436,1671029.80709542774756660713897203713522,0.3018234415108925082449018355179173350438,988537.6957998566621673641637540588243744,324853.2768400773088537923310644447383875,0.4092908487196110092496557890908357801302,260600.567838955113201293975006485433674,631446.3811140467816500524186663004059579,0.3318921916365362459358125181246846997865,410761.3617246450117175513842013280541258,476759.712328504577216362987590689471695,0.3290613260765002747121844600196692576235,307491.0389909902849718081228882561210387,237970.4368127990798463994016506025191708,0.3013686626080953356243939094431414335878,140564.9912737735309885863372941980354248,572470.7493770385942356098141169221136676,0.5600359131017758874369066166407609080193,628384.1905487983094606508623984952776596,57134.8715243731060062985617385682358224,0.7233633126924471190817841586715116403694,81005.3690748106759063823570906873489934
1988,1453022.05066600499528837539370865490759,0.4091035937767164407337997301909677087368,1165095.62381798253197771937830761640493,1772463.38703388497285601323305276224473,0.2631234025578090322489985804951919013071,914098.1307187693963073026884624295800122,956848.325647496374941274717571244472361,0.2341158516893093567611653650547887166154,439066.1869650483576693762228974173510806,1042980.21683466462955335343179370513449,0.4394851672958792465468244864222063506343,898413.6967604749937839244194300188080475,2182505.22086522533859103519496771201782,0.2848109974423761498715199421320258296819,1218338.9182005238444694649338211333504,410041.8338313403657350219619149497731027,0.4751999401354801702709323811303418909389,381909.6355838030807897702594953213309288,815615.0613863885979147385154815177723606,0.3333616398872562778799418669202480296175,532913.7577858029297269422525083544417678,504595.7394726952804866626415132189390712,0.3233781978894175944745712540210455489329,319823.5113509821882634923571420514996592,452252.5861748010944546120760580255332902,0.2197426328145072807186874535323927146674,194783.1810071124323209296046321161217411,1588875.88112631566107274699748336630292,0.4070393397623926128321924658217242333375,1267600.57965136885986603189770355978859,201640.3928793648826387668824734673744817,0.5806964717383118944246577319094301057503,229500.054821749464396756206792670586165
1989,6181213.22249607954046657760372588506396,0.4644427381350356325795859456765415682214,5626806.40434303017075231073288279885104,2939530.54037495810213074878844829535185,0.2546958860554536618298362777716270053454,1467425.21771301825877661680916469120326,1785695.08466615703045972354971078314088,0.2630789320430980513670369947512359137048,920766.3614240210073407883810651332699899,4012206.04069519827180245992472904718035,0.4863612396575989306052257483642787420141,3824707.74727987797092484513435186248904,5108537.72217583937079486646744513323552,0.3137767842604302761422803376032112147016,3141763.45592537896987868847246404947813,2169007.1818008812686641176789968378836,0.4496491634994766483793504086584801287614,1911572.83924540212388393263831174418985,1153835.455708801071671025238737512211,0.2991721090093854442548998087102999370304,676582.9579990464350514387833649881932631,883529.0891665694672413799173251807215247,0.2895348754275770414334619226405334263663,501392.4701462272657318736445939752656594,902165.9954995875632183436323856024193565,0.2690310845169494931234622331276883234713,475712.9645197921388336786334694841207112,3227173.07092222401009680542345760260212,0.447476018039677661066821095598888997044,2830401.80839026393142610359517571317628,957086.1247930748647785627622760449209256,0.4307525345333933644191757782161820864489,808043.8570818667991228306684356885383391
1990,1860713.95259942397576930676961171023504,0.5123619623713950087722177894781864343127,1868583.74224472445636477701574535826779,3369551.83904494407865653949781685101438,0.2723613084990055806135648989189268309782,1798761.67395752275932376025268696273089,2338239.89246816543413084977880570984434,0.2632662709742014945435004626223645154332,1206536.20638109513864334897609512690551,808209.0591171514539454199839366238746115,0.4993189424529754758854334391585209161843,790966.0216514091863643458820160248103555,4422056.73252721660048042628349193737481,0.3023967065710888331717538417534981742718,2620942.16868601152686684823686874342836,1052504.89348227252182388678567508636042,0.5439248061521902279815438720325005058958,1122067.69951669034290337414063180721547,1031311.94657677864452568971901114117004,0.392764600481506874801687224429434307292,793923.1363513059068571078601862360632329,1075253.06886315248685973212958045094492,0.3003836677001846189204332112210376392883,633057.3826407461338782140739131185582417,1262986.82360501294727111764922525889941,0.2665711405976912577128080945641196176732,659884.6427313570525222525674755580603976,835081.1929181806276720810156959793457958,0.5272445723513610163916296643083328495962,862972.3718200686834270914887088392213201,23558.3047511841290639204674791320225513,1,46174.2773123208929652841162590987642005
1991,3327187.54048719621874621312807772275934,0.5616242343686763835206202897418664964403,3662513.14385315722445014156751799578218,3898336.90833082125261145704501340644926,0.2474660541391682170836257886730965416103,1890823.86272303681181010606458986517259,2233178.88394655590096754895828839530595,0.2299790547096408759931440108330111892499,1006625.36270601707494708601284488528213,2179704.21124645880879808275264792170815,0.6648207068296180813831432610496204355118,2840260.48902471718552492607769865056889,5045820.23757155866255958742044320750047,0.2585063587263954526463015953160897478976,2556578.16814905536858121096426130588474,1147483.32924073740994813037542980105118,0.3900129180025829994230349337559498474264,877165.3103291373941858870286117106049197,1665158.02438426535164390808672501114333,0.2929780389649663838249203255878302563905,956195.2757997242866429647958778849730865,1303773.09314023713484518861866862217831,0.2261120369920610146826467925539371775354,577805.6281361430551674059692402827634765,929405.7908063187661223603396197731276387,0.320229587210354126365412103108462267026,583341.5361720075893142731265325590313778,1422159.494529427874520949556971822754,0.7530054478664260659460806880506118909958,2098951.94034661901670977651486779673076,422949.7673535220667266635497701871076768,0.9479378484345667201625362168043547521612,785822.9812235565824375987925299599724176
1992,2248277.20291263026103246861063773282556,0.4608505451346421818689824348236775228485,2030794.75816910541480443962486495966958,3672356.02117081581847671675170940243951,0.2076155157736207975399453118127401792642,1494378.65530189201322107469946846297167,2290595.10774823093716471248245797487907,0.1991953632846700873835709955923959921002,894300.8122669538918940714607937292433936,1174303.17304315191623414599038272666248,0.6735666271889704571086108667034863672337,1550303.998025404267358534607763632333,4746330.05104029416327503937196440860258,0.2061606732484681808819791224702183739404,1917872.933612530641393765743147202342,1073974.02986947834479832262025500616308,0.3186762455198601001012578742251391212782,670810.0227842933135783564004100642063782,1381760.91342258488131200426925142756044,0.292318463191515248545984654873863020972,791671.8843511969588445346528628861823474,1183643.87778401081552937273523218067207,0.2059761526184495281043904314951399476247,477852.727552012351833856845495604097623,1106951.229964220121635339747225794207,0.2457935736122718900105190293051374419445,533279.7373097146772468167365045276128029,835131.4726164607684824819064969215513636,0.6381457764374580485943779666042159205777,1044553.81915957061994241753580994775515,459611.6366805212466535149221838518468416,0.5962492673207877448243760776018502491742,537124.4791808230183649039711791506967224
1993,4183747.45589952857640942201162254346719,0.4626300774189721769285774216852530766468,3793633.72247148450621580390917753091456,5104421.86228649071026084088623741755091,0.1668104263930045155346543585394120431651,1668882.74318205603337226566063037103961,3276481.40429257123773205937344655416224,0.1649700400662882398061354931459852889529,1059421.68634348391432560989437303957194,2662656.02752633913812608667917422853132,0.5710546051627731381573684193490870628742,2980223.09350732993806334577898712767889,6625513.29065968014854417621868573248678,0.1846322604148053066214208548142074105006,2397635.65071515014916809994073013537438,1521091.42837318943828333533244831493586,0.3197629921433344626976530002399948051277,953321.9430619715571375843716287211610303,1827940.45799391947252878151279086338867,0.2088879378050720789408793277111239413416,748396.0368935852908416274595683384965224,1458898.63319806059794280419431738099696,0.1818357715135873107503117255329347322513,519948.7187142672456177704820795900773763,1817582.77109451063978925517912917316529,0.1977843182900092468502725999325075529303,704599.16386052367349651942805121019489,1660075.55037814475929708240224982395638,0.6610033614611059017401362260243571836817,2150738.41739552431528939870227087382525,2326742.79431634203804181151943818006461,0.9464606475256328135083532176996084743806,4316254.16379912092379887049433872133077
1994,1386541.31384798826977042208059871810157,0.2360706739111290869552376970010914331582,641550.6150368051864315709524384245081227,3555027.50277626471567644407786711064286,0.188436119101241502701308231543756755427,1312995.34840582125473394145145667904575,2256569.40711050179709460804748040041772,0.177938327193383352484840709212649617589,786999.1635741347998958417526754201847987,503910.5116852401234832133500417114475932,0.4495213214320023308928520880192202773838,443976.2974286021605548289698887306515063,4437658.30493901286196365280842411729681,0.1868763901291877520881008886105173263898,1625415.38672147346972469795533348867451,882630.8021627481462872087305570066539765,0.239477971666097265074997585502191412433,414286.4430946323904469222790811485491168,1298458.09566576291858183603038671022512,0.2781632159400228325116171887820185144254,707919.2281213430142579201266482432907911,1182628.30446013150990842084062396306899,0.2086508729645644406540619132967945909806,483642.5991116899100298213832187632567611,1073941.10265037028718618720685643734873,0.1992552549518914477091042970576488558237,419417.2800953533132180784938257887025857,235002.2032166495444533661595247567218476,0.5144139743165674141527499502308399448524,236941.2979664595772432775114841939890725,209634.7120163188253017030440847085399278,0.5221778517101172418855627323646020412834,214554.5429865189106696849522722487742176
1995,1715231.02699531650135796146740263390768,0.3142824284957909274232432222594950369486,1056571.26628701848873697564044443302159,2928512.98582347447451814777201525362825,0.1719709038827165859954907185923860325896,987093.289400498734184993533378078672709,1740559.18364855443218810373577121210889,0.1772617333519361681356455507162398557105,604727.6942745405521581047750285667995907,690299.372048890340475550826431296138026,0.4729065633050361249174089550377584764141,639836.3232270398789473773287717098236301,3953444.6407699006354005584129865913979,0.1872067972956541120354283899548321572699,1450618.95058903371835091693920080650265,1024931.65494642616088241064097133776965,0.3019927446372761713962589321196513966628,606662.9701440779834376951097424950651369,1187953.80217492004233004403624404151936,0.2529428109152263367287838188812133172742,588949.372960727787455730884139413055232,909647.060772411848716780591978703943886,0.1870526200196260682457510730558980175653,333497.6573808380444189360058393592793556,830912.122876142583471323143792508165006,0.264481989065550024484738335197803510526,430732.130354043366201650603127409924284,612217.8781919261742192984409102183580351,0.4388888016324506991042340192324877839767,526643.3189593276570384302178902094663687,39123.7172759546936781642376102422746966,0.6933917304833435285458101681190241043179,53171.0015688340036978575165959767035338
1996,2403473.79390997797732158894458428351929,0.3731755411129574325226411519590728824373,1757958.56184261078112596100447553976847,4955556.00510552089267348058536145602071,0.2564813845594624296953679927538890756499,2491175.41628478803669516718909916706058,3064331.45318143449245266788551918669465,0.2354787563376110000541839949954390851041,1414306.52081872134824926842131166333709,1165954.08521308213014377252080753689878,0.4987552812340632816651383803396789861955,1139790.48504585329381749709728450969794,6193075.71380241673985129700913820264125,0.2626526107508420490027621723382507232728,3188189.90942336530163615797253059401064,1237519.70869689584717781642377674662052,0.3715940290336769362144322415502251200167,901315.6717439930102825199799811614371364,1891224.55192408640022081269984226932605,0.3523740405239729625531286380246640224401,1306180.13632327603378029328903788297324,1466145.22613304276489139998130670444717,0.2944981404171037846002300176497768388222,846283.0036480866104134685203949193746584,1598186.22704839172756126790421248224749,0.2213171763202768471471216577854504008274,693263.883488441560139722651048881779591,1127094.328297110424722661575087058655,0.6161472820313344557424692523348783881231,1361133.96966746644142892100155090671505,684021.9297759104341465028154888412131306,0.9067895987315378105066865923166171701876,1215717.38360113711672065999070203095633
1997,2315034.00961397304590140074066233123754,0.4442457534930066527023567278930058243674,2015750.29480727589161734055458288961533,6016668.90943852459731657309714854276282,0.356819442046016064130644378858898614989,4207854.30875327395291440920319995523036,3788647.99150984771559028429212436496753,0.290943219619879412151547644525534882469,2160471.63152627872262380374573932115174,1149857.24771846580683278403841519214172,0.6640397203519332572238914982084305783247,1496559.73503044281227251451401603564378,7181845.6713340318363851897993956818586,0.3667182574259645602657882325466314819708,5162079.30219989259609215340951516675497,1165176.76189550723906861670224713909581,0.4438107820900558784067586571964644434235,1013551.29954120761822471877547407507364,2228020.91792867688172628880502417779525,0.4894355761363985082508273282116807434477,2137326.49515632407512209307163922150927,2055636.29394805197778719349031184196197,0.3729832095327212790197951234025659492966,1502766.93219543808730334858357457152241,1733011.69756179573780309080181252300556,0.2678158534396115464971523174958121107661,909690.8933345509044608188774659647355084,765370.5599699910104523083180792949815889,0.7826463168018193385514032309366516873282,1174068.32150815652400992490506441005523,635161.6546867856553288052097668893757566,0.8969666294020898952336625659970519892228,1116648.86471852611605875605140799751452
1998,2086869.64328151175356202142911328176708,0.5011076366721006609946650983782985130682,2049662.77737559428382605293817162434706,4510000.7724250025698666563945855004168,0.3847475921842908850460586695888103550556,3401015.39836203107558689473755480942889,2849293.0337869835761227021458572762397,0.3522038555083418960040918880391133714211,1966922.70426675833930131073903613696779,1427134.79946628700665056654115859642945,0.6840801426585813147157365905391014809617,1913498.17133536996637346735421368649875,5169735.61624022731677811128254018575445,0.3730020314542815728795270283005128741166,3779510.89840074772034660107563235276642,659734.8438152247469114548879546853376275,0.3493403502397139712818050668475628722359,451725.1227513570713245304911130652643315,1660707.7386380189937439542487282241771,0.4494758201156291672435776683162678713331,1463038.02668152322555494303597730465554,1248845.16660169018030465227416579749811,0.3971586809801835709362851464424524814981,972139.8102673695505408477545054226351014,1600447.86718529339581804987169147874159,0.3296362352411407985257948982056035872399,1034028.59489179994055719563531721157718,622720.9225090666437124993189996895199573,0.6811997045172719649194570798421297791659,831426.7244834024519840617427884678446915,387395.3811289642078588211038896069857181,0.5561167248172728042627002322791758603779,422256.6191030462643115219836650152963287
1999,504000.2750311446389701497272910623750718,0.5089817596865100735719984223872028280105,502792.8158609606062760351924363863684862,779936.6488266419704087386551864435295994,0.1760131562480508422415016156372832034936,269067.0580176695897511204879444076044644,557882.9198576524434081602759464325993769,0.1944709421968055324377325365968218839744,212644.3534380363384510300056241282368824,280890.0461583534904065781183568082685346,0.6652888440944729061503448502272993784146,366271.1076876149017486735530348805240933,1003046.87769943311897231026412069763613,0.192388074124302579573785205782263772843,378229.5438316980538454377788537849967168,223110.2288727911485635716089342541065375,0.4102806297112037318434559440788425641899,179414.0981860014999779396385728509438031,222053.728968989527000578379240010930223,0.2922251318763250185854652396394527782552,127183.7732539216873569435780755360489116,164397.45254370465598394501718032508262,0.3282022189819754865837953854663271868512,105752.9930908626418317730933324701179107,393485.4673139477874242152587661075167571,0.2213344780024671027055391188989684595129,170700.1249985993508311966594029810155896,275747.3866325310431393199021612945187979,0.7063886485418705802805121174507666129782,381778.2546133202946617716481799708611349,24287.1186394962225297884192662090438049,1,47602.7525334125961583853017617697258578
2000,517919.5269251552988197406601816332875819,0.3543284588515377991256609185188538838659,359686.7104576353125458211787911703580012,1025171.20003551288308988729590606936687,0.2940261431298695176514851893966080920966,590797.1826287531383890501254938847556902,740249.3656188985557614662925523764885761,0.3180439353535758020539578116567864228198,461446.3699134680416093051930201890190555,236402.3086670955104532915483487709939177,0.3958698962810650443265985532443396804898,183425.7325287889504708921873453356616876,1306688.41829357267145633640773893166054,0.3026819291543301641320339405432631434887,775201.5036553290490230135878721912678871,281517.2182580597883664491118328622936643,0.4196494761959710136631949059465035901233,231551.5642369976096770392010545983870013,284921.8344166143273284210033536928782975,0.3551170645823750643186778892241153914827,198313.9867279690645953355699559524056097,291642.6398508819677626712575990747807276,0.3323750252594777142415476866440086928939,189992.0703828682055072478318588563097692,448606.725768016587998795034953301707848,0.3946702773106935116794781016795043612462,347021.4120901184732952349273859469187603,145397.8143323380048222699387818721023349,0.5269321571871698759028492466761225026461,150164.9765546194023744404680569699693836,65281.5428741821783469638570879783444156,0.7099626893736874624715708609201763839117,90841.0211010194017512216545072941160744
2001,762232.7652171144617238798535984261824445,0.491604741271453700618487082422503546626,734445.7930130411664049822034960841830831,1439936.35465599676822914707110821677903,0.251335450878563121209469268758415493121,709337.8237504430612207133511433405110071,938333.8098034276689015543120905678418993,0.2754114870126967949936890505214345721075,506518.703349612007055370445137762169109,343445.331400503718362097731442727625194,0.7560013411691355121832922230751351222685,508904.4570678356815336092029958634952485,1858723.78847260751159092919326391533628,0.2434800546834940757899031627730061752157,887021.8525312906346917645022260143095404,418787.4338166107433617821221556985572506,0.3340512296482536438696327453738344968206,274197.056166243900449553467917847362929,501602.5448525690993275927590176489371317,0.3379606141927327270666794002954754465683,332262.9321124635565720364067196521198299,324328.7273123251070616527903470404417755,0.3118643855356727937231965738461932311795,198247.2953394570938407300646276052155605,614005.082491102561839901521743527400124,0.3115139081772113987427594969314243826196,374891.4008594498901911033699217480198118,367353.3278865910605160044765274192883063,0.8497491928220099915438472734390918564895,611830.0599501354574248152076884801925959,65582.1942501420399704457864613275892357,0.576987703105001258030500109736144854884,74166.6344649519328952166045380670098015
2002,168276.2047255656894683137464972199816305,0.5494648224134059168562747040052203430715,181225.235694032382660854676160164098316,870002.275411148851844515076835331077932,0.2973759189422597922349322742397343900416,507086.7432192048658284827736691719663882,639943.3116142963547213243767647860560431,0.3411974560633667638457950934108376609155,427960.1786972260400789873419435993611653,57758.8812075482868709596012774441461073,0.555165602557506872845886215931621947178,62848.8584137265695371292159277391212788,980519.5989291662544418692220551069134573,0.3109270920951650990624921365296978288392,597545.4109692319155961852251714589966677,110517.3235180174025973541452197758355232,0.7223702085925349127603999414713770561436,156475.4672038858352018183133573048372764,230058.9637968524971231907000705450218889,0.4170662979931753920522835545100970079881,188061.6870877624962771286359209867243409,161024.3541525650901811346874126380125038,0.4028481834827599296630349439174561584674,127142.002391017096216721234804893214656,478918.9574617312645401896893521480435391,0.4168414402090446131489682581830784290168,391281.205224653977456646874569175682336,19860.7082282807482456091573987763508958,1,38926.9881274302665613939485016016477558,141385.0831536330903526582868538559771238,0.6489997290087087403635471977989455206365,179847.4060790599888901516774950932682311
2003,1155222.81633347923467307407158307554413,0.7189307283241725382373444132799237094742,1627829.35421772685793155042806310013206,744913.6008863967679210457101965276023612,0.3633735931937835309260136704413071568947,530536.5862750995337473641931395606670706,464909.4925973365179506297320166323474891,0.2866536130910622028957895250339774622114,261205.252194183541197310585668886025179,706054.1953396002139465028556218600576412,0.8753426617844098804879636215119416177609,1211357.14307672606039546600313117920836,1194082.22188027578864761692615774308885,0.399009832092178123267873708539526771181,933843.0718391394965735230568891490088288,449168.6209938790207265712159612154864845,0.5250992925852015250528223507713129907066,462281.925265298489372187382988745503674,280004.1082890602499704159781798952548707,0.5659751363673280230031881026092343182301,310611.7122097333973267908994011936557128,156607.687821955665862298039830346498053,0.3954895179353864286020920103803686398574,121395.9299648942388177800127731953494476,308301.8047753808520883316921862858494358,0.3031623065206107602121456004363802422078,183192.3530307361558882129122546098667971,281104.5454144493525959575619843406166773,0.8217302690815656304491599523148522321117,452744.5429371946388302360196674641717456,581671.8609906895917846923706147242819088,0.6519924220334310983171313765080525140962,743321.4651329853929191235440480743385553
2004,913362.5875256306475528449717225966821937,0.6083565935481778718756002112993634367784,1089074.29874602655598835981496946797478,745870.6895715487656671549935040581737079,0.326441235810168050026979938483782933625,477226.5813303044600563615498237757696614,562339.6519830444566972809043756947988421,0.2715216322039615538745577191671420061647,299267.2651125101154120880511557548818507,666270.4287553375596881448820139257799048,0.6577636315436616373335625785419792888691,858966.9753441960995466213562078943820716,992962.8483418418535318550832127290759983,0.3686753893560432965329618898385540309586,717518.6908678880597240240598129433659577,247092.1587702930878647000897086709022919,0.568189642732364867075557187016048754124,275174.6026107767474505878491006127214742,183531.0375885043089698740891283633748656,0.7013622194513061312921443799334601383688,252294.6022880979682094960722196853459706,252260.2250680746345559002266351598751219,0.3280125935927815897924468092110532804798,162179.2801423608401247054460621069944331,310079.4269149698221413806777405349237198,0.3093097566617027086385750543683366841963,187984.7604863443084286270594145979957328,521789.5033405240846649532214559671691736,0.6160492390709536912985589104943722351876,630038.1319167557946612611258551501592427,79654.1948725386563963149450519225200708,0.5856317089957548877466309823019582006463,91430.123652895990649894008478090853764
2005,868207.6007499717577326716268985787247188,0.4658086063047961354874981886657597150482,792660.4020776074322158476494158637020556,811141.3983222595451385744216733191031541,0.3844688560929518186965533390846875572184,611242.8668634891691033098871253061020776,500941.6785024508847561816768823417080046,0.3750809906741817929652089055112458844781,368271.6540436660383584359055844632776032,548877.0679487200494119506939881677746501,0.5320868302915209473382375670782127890829,572418.5082368949042805988076534048949602,1130471.93112351125345929535458373005322,0.4028351556148084356230317517292081115608,892571.919132932812465773839321501110991,319330.5328012517083207209329104109500688,0.4591128329736391636567500828292077783115,287353.141315953984563732958026049308116,310199.7198198086603823927447909773951492,0.4790375200025508776858655965162695304883,291250.7167964158474116054128380424303572,257856.0654401515015777806463614054966152,0.6029605407569289178090428519877488651382,304734.9840042856872890317197847961254147,243085.6130622993831784010305209362113893,0.3479752082810237641726810735585014461009,165792.0229975289984847833660381146544403,250286.9005936198502776581337496865085295,0.5911274110081466930646046539634251163449,289984.8372120333565093315572185862506093,76500.6806642826334113911954415005156043,0.784517093422707865490486111000148584225,117631.5396136194494558567172624176173628
2006,1840213.65257030274832103891421702345132,0.4887908568426571946473686938684482155562,1762980.0317062525429330372846859964348,1881618.84914927278377795901256464299957,0.3886872160001868461453802177142715492231,1433467.9364166405047613157812971118249,1239882.07069449849032668320861042566723,0.3118272362145245462753492509302208946022,757792.838699750118459023503273071426456,923502.2205363475652392568475902474140408,0.6325476992858901881008136201390699956961,1144952.04157592774672211955259381269874,2798330.28118322796685974107919141903684,0.3394625826606893011411787765137607963195,1861859.71180062005878144811174887663664,916711.4320339551830817820666267760372762,0.3896287737504550294255411264331405925494,700067.2162469705717649170976956254861543,641736.7784547742934512758039542173323419,0.5700536448470229964277332119378814580227,717015.8035974399450007740924261607959096,681778.4396790853869423569117851519374005,0.3797847918053873140606232642432153334637,507501.0022310095838545312347173591369855,558103.6310154131033843262968252737298252,0.2779090642521661038817604117204522878409,304000.0333884101009273756443632318326637,331074.2088135430645697523915893002297123,0.5347640905823537023539474392094965262441,347011.3324552353905995741348401172598232,17812.9294394883815505351471283514894718,1,34913.3417013972278390488883715689193647
2007,4489625.57329113090083551244726223296644,0.4440603123353024830347060524150258369658,3907582.48731467327226584151996322216382,3212417.26800353873512892117825241082562,0.3690408017571398226121669997912237683411,2323605.56655851302635397211384179201175,1192533.74181189857060357125634262221352,0.3119992225531380170605585400891676321235,729256.4166148460682459412156344928504783,1972067.95632043903937158145398259659743,0.5077361273967452332937814940833864458571,1962528.68832649276237567469212784265618,5729974.88497423059659285217153204719462,0.4201622505534536413090183323580434112793,4718737.52083965719299575274112585434396,2517557.616970691861463930993279636369,0.497570220895362394474364897651069138534,2455216.93120210222646898974840069708625,2019883.52619164016452534992190978861209,0.4218140083241420091701023226824646044068,1669949.72640036372398867035852364096029,680945.9031580497971666258874391549173937,0.3883081875913405939097742630321999381578,518257.0642259796581353021032084655818125,511587.8386538487734369453689034672961335,0.2661279681672763895485950467233130959239,266849.7507984729042404612245435652826774,832898.5770980286055277599222450726528561,0.6006151111637186611963864757861140974578,980492.8840847976755403867185392240832356,99602.7914664537355143019613173663611577,0.5105181859682421351783780215226010183142,99664.111376981055084057251994711151902
2008,3798161.00152955713206355079376667407747,0.4739644495813772157815242323427665300175,3528378.84548236158408461159875216824984,2257276.70723459675470976017250439582762,0.2852170686312399511584690881254350683204,1261875.13723297745341443754875875937734,1456515.58678184443737271339354331401866,0.2865145102110966219490458275182505348531,817933.1859247911858694627278762977386952,2446486.48079155312352874869923060891309,0.5359557230775277487649130711007282488345,2569968.52439158478947251245064337270835,3608951.22797260076324456226704046099202,0.2892697249619485571129787416011756336483,2046162.24506877262841918795974978440508,1351674.52073800400853480209453606516439,0.381742866972881622015617030102244118017,1011344.52925101391560025646447705902826,800761.1204527523173370467789610818089599,0.3330788825259314943261998235404817418402,522764.5735744065139847589192666448461922,529322.3868545643526275259406185153006026,0.464996699284537664751502634204079143639,482420.9989797797229058750810214403884232,927193.1999272800847451874529247987180512,0.2443373432353168553844245905974366593966,444033.9293467238506377606144827425087282,691792.8881775959811689307316343450020337,0.6501892102981155057385276442787848538345,881600.6924419255685447340461219269136083,67433.549573337299760956757179471385558,0.5824214471364050181032360431867433600897,76978.5012349733299004848271756630874278
2009,3367209.95932229568756457492780427513153,0.3084467269682266153539301310413602718531,2035665.58629684406803841099322637404472,3571357.07098384209951432142071896047034,0.2821533239954304809205471301019941482737,1975033.72675524420421166178152371529133,1410062.18349053870214661646780731717068,0.241426673629154817619432684212972688053,667236.1802379520553771671683284294302853,1794624.04024315426891929393961442482267,0.439554094284880761170696172718787962356,1546115.31539826803087443485110911488041,5143942.99006298351815960240890881077923,0.2634691414207295221922793490762639811489,2656329.67649378598044757663924602397225,1572585.91907914141864528098818985030885,0.238424677676749721240755728064623743191,734888.8501158614445818682142439075773933,2161294.88749330339736770495291164329966,0.3473247886674799973917323820235713365058,1471315.72849156445716333662650778910488,597466.3356923225965319622108174292954312,0.3369397769172846678535988985834035392437,394567.9407729670321735350882083360777579,812595.8477982161056146542569898878752491,0.2844857358156887983892339746271199389162,453096.9782560319834760113809590907949165,627855.2415643410557111081208539701582119,0.4377448173200537798999376299504291797101,538687.1409231605964029831630499443588619,388980.9116143014741574834559508904969072,0.5218336261293195714752256394887249292612,397847.306421447421176747987917687185162
2010,6210112.83247354899925825699156860430842,0.7493547923680540605515364531764319771328,9121012.51183439262461950205968923394727,5710992.9474181998074387644835534786208,0.4070010467877163697562747686069064629879,4555785.01128108698848471462992448617999,2458050.60637609928989030366533263273536,0.2614390431462434079735409719349880096878,1259555.5811305811563767496413225548114,2272648.49075859203680845028344256310435,0.7475866436701258530765836084376083859376,3330043.24859845799152126807824578122059,9648457.28913315676988857119167951982489,0.5443153785477633114747490105754114935987,10293535.21620342325231269236086731018741,3937464.34171495696244980670812604120406,0.7557481636777444227863796551709492955851,5832433.63376344788336559220201784018848,3252942.34104210051754846081822084588543,0.5408270411357386578788918494802550383328,3448187.19533028572944712459286974948692,1783037.47358843503301227315884127294176,0.2921031146613544154004130458894216154853,1020828.36720246489368290584904106837959,675013.1327876642568780305064913597935962,0.2965682707212074694916669516139663608876,392367.4559096870635741905410489122414312,393266.4573019213138984849356542986782866,0.8028303403790077521681227708194286445258,618823.4377996820938679596460070304233681,1008349.45193889827437780348262859293406,0.9623218936879205147817442387650807995957,1901899.23801447406831110052093582476926
2011,2551018.51805881750869882676597013377738,0.574234613997433445595656190221991980459,2871170.94267490715623841086884305908104,6462451.51392139243574062529382454560441,0.5713079765852726694265138623196568861838,7236418.19246977105694747668541920996468,3207075.02853933105327912757121117039644,0.5100261345393520841987690060105247021221,3205956.47676785067835424785629864306179,750909.1101404210817975269395997245254489,0.5209500822557696122578369728597715262992,766724.8788807478869961487975205368015726,8262560.92183978886264192512019495485634,0.5872093364501095863682651356616001245828,9509631.71593261046275675543944522076422,1800109.40791839642690129982637040925193,0.6532482381683793499184493333632222702557,2304799.86649671325247046229600430700055,3255376.48538206138246149772261337520795,0.6362879531296526199769058003586828463048,4059859.4074783025266032333787429689498,2343653.9489573991513072483195557156851,0.5850306470282312100199773101277915250586,2687374.3968908801200364439609507595051,863421.0795819319019718792516554547113409,0.3414066766467602507319838449892367714563,577764.3338005775374874044859265892428945,355523.4042372658312565027341210349169373,0.6055558444624070920187913789530884375591,421966.979546932571185862141864856383175,50813.5822640444947152461183426615489552,0.7226028176876308431556888819951694886448,71967.3539327695211767060912416246008926
2012,1635646.81261747540245286310837203751042,0.4357059395566758838230710247368969930382,1396815.6212977834340198455745459950337,3778004.43142754777291512492051419923061,0.3484409712528401205957308170968114779705,2580166.60562893156606568928025794943403,1808448.26647435928009985499232423666369,0.2940331370488976077082697310740397586584,1042217.68528490930285166797131486180502,930221.7322148095951518586001240261053946,0.4577107108649202394821576831024215454946,834514.0026155144323926004373841802509009,4483429.51183021358021612942876221063563,0.3608279825451474285161730028697529304567,3170783.77824865947768884005627158144913,705425.0804026658073010045082480114050238,0.4429448217581660785023958722362265355941,612430.1975452896104148251437385077298172,1969556.16495318849281526992818996256693,0.4268074836447115874780335030102106247039,1647617.76889477379534724674932120280004,838916.4492665121849376699366091735500043,0.307851398939153116118430041307433173128,506192.7408995351824891499520270491095232,969531.8172078470951621850557150631136794,0.3172215467484567682652066112569778916263,602810.5100459700066134060365679247931047,181397.6557749387211976764585262230142844,0.622658535665657163396122707046776330745,221379.6454872923143773185233503060577308,122700.2298700525864392386469037830636043,0.4382395949101185256933960736174633655184,105393.3141059153302806556227270018623769
2013,838154.089356759294974386016271638165767,0.4156004520709969938521011214262222455048,682740.9481459749870324335644267716646238,1258438.31651683124413899160421067035533,0.2131460864001048328151967868455530132966,525733.1561973380106959242866975593403909,806920.9452812105563299841107262424411369,0.2367620955869075297378531740794357954449,374454.6561963855981174012065341057730109,503559.7689123972457502804112131951227802,0.5520891971732615393015003054681309496483,544899.420753293058908973255681128303715,1593032.6369611932933630972092691133983,0.2152821792639327998923092231290349877125,672185.0139382073818636446359911824494492,334594.3204443620492241056050584430429865,0.3299915165071207609238378415169498663767,216410.0429474849232153023526260108843264,451517.3712356206878090074934844279141855,0.2640572724650634864244576478874696622368,233683.8332173840813594019606933416687819,519874.5424696988024341681445736809062715,0.2687421592293245721206709550497718302343,273835.9258604615482981654794125394583725,287046.4028115117538958159661525615348654,0.3482216574135076068847193208952631770206,195913.3173175555073077439631414655446091,255651.537814879908727994285860268624973,0.7835058805502281407427480869908490535178,392596.7871693481634118190386287736475069,53320.0767908672915221982360635080737095,0.7241865043063567925319357568640884039242,75682.8128402283937300877376960560022965
2014,1301904.78495253926253356985641106879544,0.4432978996269645846644080997556572115745,1131178.04710016109863036990377468212741,3436495.72240451553131347088436012867799,0.4984084754189380235032027585389500042563,3357046.0438231798238023560636021604375,1809364.86261469038178478102917924886919,0.3815199440228697792253614031405679279211,1353005.21095934012024470552289445458917,578878.8678204602763087438281678438982359,0.4150588559199266601080962048060865018195,470926.8491638140750242889822134005385739,4159521.63953659451753829691260335357521,0.5029480425943753407080482228393057342685,4100365.60279839909958673225926604865899,723025.9171320789862248260282432248972063,0.5351166746195353090700050089820045938953,758330.3199013373092659355254636683228237,1627130.85978982514952868985518087980881,0.6436155093165430966387770518487759524142,2052603.44781465425575341986005053996541,925808.704221697753174356070121188432017,0.499567781727480940376382162143672538338,906508.2333171730481092050275215354977845,883556.1583929926286104249590580604371744,0.294356649561380804629253364929090801541,509758.0357484165646515826478845040369035,133852.697825530840075364918857429049224,0.5188131835095189782119500724526310571941,136111.3067891945943170371800321348252392,104093.1750911267718213371140595801553854,0.6227432402986666229450745171911853250912,127053.7094524804868932804213811003817457
2015,1189099.48921996372112500141569126107754,0.7641291400060326523572541014299709860382,1780906.11735535660286655526771505790511,3247986.08048748156525634595467879601453,0.7611651117744491158055058156873462054292,4845617.22847237322430540487764885614927,1978543.37097474757682089755584563993858,0.7952197081581014299740527833214551291687,3083818.29680758256007482374517915088574,196897.4007465531994998622680378060657057,0.5376487984119259674975981062800796936012,207488.8358067589340027050890023211152595,4240188.16896089208688148510233225102636,0.7737274484108075684233056904381689534911,6430269.94659353826556722543720106871441,992202.0884734105216251391476534550118338,0.8185937949669806321606220054345312043166,1591932.52703612145992910923814608706162,1269442.70951273398843544839883315607593,0.7124253712214761583278407679830323862666,1772591.05939525182949297498809489054255,1191221.08255531831959590507551401615909,0.8540624252860559480761588740737732112193,1994059.24696538942416656027488937584592,787322.2884194292572249924803316237795085,0.7096035764648825004561982437459308235624,1095025.95491816777610594978035350467541,18912.0889352755450012543790506567212133,1,37067.6943131400682024585829392871735781,50270.5613974938514373902109137634732283,0.7248196498990856075353186825640163338265,71416.6977962294829828806484340088806219
2016,803903.5764539580553791957370846034017658,0.6239141657857200658608411959226440087696,983070.9853798390213240445762066369036188,1837740.79311917676128112217850502328553,0.4138985798269765274119579278145935139649,1490851.07654977232750130283175758694506,1178070.43983345916682152943657192134049,0.3732960196234703567754301406932966753047,861947.2518107666017100534923791347858882,268840.6453881912622451251377407155580102,0.6146178071537669408022424386685457594676,323859.1259668954185685145975528448729541,2372803.72418494355441519277784891112928,0.4466634957693090448666398401372379168838,2077295.82018900927095901356369715685269,535062.9310657667931340705993438878437569,0.6430477344638804449249545032988627236386,674379.1710101917527729800751646887609579,659670.3532857175944595927419331019450395,0.57840841920838919272504560169736079071,747855.4170355578212963165394253458748021,486154.4241251816464376606564828615030809,0.4145772775453623378940657666869951281495,395035.2121360844057607505777424370745607,691916.0157082775203838687800890598374108,0.3605542826875278022587015833699101535299,488967.634138472032074660697690759193994,0,0,0,265764.748571385660739076473143018602355,0.4392713196563511541514416758796646955659,228815.9503732582508439491587991537001817
2017,208657.0974897128472532688780148280414461,0.579323703799943587044136368215006891405,236924.804982097261886929082271560098751,985695.2527989884455281444685963196235927,0.6264502699495234361305454404708158652053,1210278.55211962451376674978912401657747,663151.0660125107078882546730983169116661,0.6138857726974605595336698183144534742988,797914.0489655002298082987543991077716955,117221.1559553505405337409966788501101438,0.6745034249624978347149322118576225992644,154969.4994930961974201281174916689438533,1077131.19433335075224767234993229755489,0.6570931821886449767659098035347331760942,1387240.10567354811914492188093749774776,91435.9415343623067195278813359779313023,1,179214.4454073501211702746474185167453527,322544.1867864777376398897954980027119269,0.6745802471197343889084341688912353513377,426460.5969697336024512110357258311224776,279726.5945153951930258455323388383529083,0.8762045501258223602267370792041097969237,480391.521214956740094277643392815082914,383424.4714971155148624091407594785587578,0.4565194858540067202394999365033944563289,343079.8554797465612188917428225484235355,147728.0960238494078414580539426939039798,0.7268404462185111675823372952751619013628,210454.5202566521071992481563434520784144,0,0,0
2018,1109712.80153305001105851726566171951963,0.6097820520022107425563106565849168359566,1326298.58053381273091993368381856836414,892315.5165482264489864315924752370193715,0.2843952968314707104749307618554944247882,497389.8589442775524635002393662033154039,660027.5434973317546516370156236519760301,0.2655766155956191531827684100288584242101,343564.2471557468839164486561684517888873,955291.7924892595566526369356700085870638,0.627804170247748691781774156979540802563,1175482.89541128007860639539105780520712,1046736.52559201690339231192246694795193,0.2976310487435719280307301510947130571752,610620.9281455032274154240579779408325405,154421.0090437904544058803299917109325661,0.5658588808102521890577982596999269708258,171265.7787281738322741336626506280446396,232287.9730508946943347945768515850433393,0.445428177568143041565455244919150869681,202796.5126738335769916699927541851147481,243384.6395616538899569782285805734128684,0.3332892941546126505407748711391289962552,158990.2896660537398121206788611971900231,416642.9039356778646946587870430785631617,0.3077687766513257689353531381882355025512,251330.1666156892610924759041317214920246,983126.1711908351221809058251967347361667,0.4990386221341256268512564003717690095186,961611.1425159428298789262091031857764614,577270.9314464787775201031871089488935981,0.4188413626182778266477395313599045761639,473898.4893128526115980298700730213500746
2019,1940844.01101443495046948433156408555851,0.5854731641137480685492793013764390961616,2227171.68499248510195448561384586956547,1652458.44357672305191612650609173675364,0.3441014258361600611904006016724905656099,1114482.08087671441448917419684935424483,1170146.57239365818665376775896391906439,0.3347488606791614472928757702007437405378,767742.2545953498581728337687202313962762,1537637.09704038634610206350867367867353,0.6475632453412151625632348754167811438492,1951605.84668437443791626501324522420865,2055665.35755077165628354732898214363863,0.3521504609271406687068397414776817016228,1418850.86621998094605054784591964883034,403206.9139740486043674208228904068849834,0.4896338549026611226195016193968046290908,386950.5610005373963207819949103885454994,482311.8711830648652623587471278176892548,0.4368406620647244879149006471030554590916,412959.136773400888903191956706236346966,453259.286021346589518159975816011470005,0.3672932057795577260042115557235995958975,326298.9501757823765388341756965454587228,716887.2863723115971356077831479075943805,0.4231192665226042249870043732030196487207,594524.4926668959163858514781708115605235,1510706.43449146728908534573404411421737,0.6460418373337784513964505090854186175085,1912919.93879722472727123125191350507542,757996.1357791637153762634903447720909555,0.6641340897288506273147621391555393229308,986685.7043612150703818351105607655295284
2021,1748646.55153013370888005381610381136448,0.7294171233958715337400039037030726154773,2499965.76540831270931762196765285565293,849835.5576123894086085700881454670930698,0.4079299260499329056384025614089753733767,679479.7780959939934128609889667630367867,681862.0979758484082468776312412915776364,0.392804732186082435795307513610430701193,524963.7712151571356220962670590807598771,1325735.60351317197526003617168637365613,0.7326924791290705267661572420559662995098,1903858.75177517133375320623901293351648,1272746.50562935114222858773256290480142,0.4958506431804905415835557517343457857055,1236940.65990718975570704074005875051493,422910.9480169617336200176444174377083484,0.7418629621916150496510119731547741629894,614934.2585326896260826067591381407849092,167973.4596365410003616924569041755154364,0.6428398908776233605121921373094111450747,211640.8793076581420011178114144796052228,275985.7926213789920840045047810862480185,0.5381143193097773271836902844907383937374,291083.3375938205357964224420992544996865,405876.3053544694161628731264602053296178,0.396870700813619220453136878212237700135,315717.6109493547454287449061587519453621,1053100.15318360891319169087370403824725,0.5485462697804540274230216760358916882112,1132241.35503882305835205527623332161418,751426.1222119069854888855006888490183632,0.730206193272404610304699137569961197683,1075444.17612257050711018810973378282496
