"SURVEY_YEAR","BIOMASS_MT_MALE_LE104","CV_BIOMASS_MT_MALE_LE104","CI_BIOMASS_MT_MALE_LE104","BIOMASS_MT_MALE_GE105","CV_BIOMASS_MT_MALE_GE105","CI_BIOMASS_MT_MALE_GE105","BIOMASS_MT_MALE_GE120","CV_BIOMASS_MT_MALE_GE120","CI_BIOMASS_MT_MALE_GE120","BIOMASS_MT_MALE_LE89","CV_BIOMASS_MT_MALE_LE89","CI_BIOMASS_MT_MALE_LE89","BIOMASS_MT_MALE_GE90","CV_BIOMASS_MT_MALE_GE90","CI_BIOMASS_MT_MALE_GE90","BIOMASS_MT_MALE_90TO104","CV_BIOMASS_MT_MALE_90TO104","CI_BIOMASS_MT_MALE_90TO104","BIOMASS_MT_MALE_105TO119","CV_BIOMASS_MT_MALE_105TO119","CI_BIOMASS_MT_MALE_105TO119","BIOMASS_MT_MALE_RECRUIT_STMATT","CV_BIO_MT_MALE_RECRUIT_STMATT","CI_BIO_MT_MALE_RECRUIT_STMATT","BIOMASS_MT_MALE_PR_STMATT","CV_BIOMASS_MT_MALE_PR_STMATT","CI_BIOMASS_MT_MALE_PR_STMATT","BIOMASS_MT_IMMATURE_FEMALE","CV_BIOMASS_MT_IMMATURE_FEMALE","CI_BIOMASS_MT_IMMATURE_FEMALE","BIOMASS_MT_MATURE_FEMALE","CV_BIOMASS_MT_MATURE_FEMALE","CI_BIOMASS_MT_MATURE_FEMALE"
1976,104.953960215600749361693501899940226962,0.4813574911212173256679241322160754514739,99.01993494633056292627263040201610268086,613.091525399770791106196361720528230539,0.4067956837174787211440385809126214817824,488.829853062527791975158902617477914164,493.918175841470967888687763598689753946,0.4881688218815101048840298339041799354583,472.586289852535039448582923195614926673,25.58779871586229827516983415100235371425,0.6871345747680107967741856289131654799559,34.46123193215204637297582681276938932998,692.457686899509242192720029469466103787,0.3629389212407335265818292822948672755795,492.586897940796541503258275840098826034,79.366161499738451086523667748937873248,0.5311753475631412983270626348643732371787,82.62840290197691177483656908381793000527,119.173349558299823217508598121838476595,0.545619971067298316407411923173344290095,127.445784694465453152729557580973477573,358.715055997035515122148945639815656138,0.4082965111097040014529542935679997278779,287.065727458378940215842775782551495391,135.203119844435452766538817958874097806,1,264.9981148950934874224160831993932317,0,0,0,0,0,0
1978,2768.681373011666982566105248120810609216,0.4689520533766011694559688349625205717514,2544.822477437962588013529380430856527081,5154.723180376845653956759827370484414742,0.3948814068621269787279657360935119545016,3989.588509245971632979201546711102660996,2833.765259625704719846854755910494850021,0.3301470890403722780207454550879140794057,1833.696328918755955406751460565422750349,1090.580255507957804419004125657566407716,0.5650170123174589702120975460106612386839,1207.744939412653997615332884243496071457,6832.824297880554832103860949833728616247,0.3939947922793625730462260547459669855676,5276.510492252668013138159129030192597226,1678.101117503709178147101122463244201508,0.4228033988268387985224654568069602981184,1390.633437869141874643896236595167958046,2320.957920751140934109905071459989564726,0.4951931625770175411085755090711696664168,2252.672086250475200366913382742775765626,1713.482874625264681132381524968626308403,0.3698954030775155299104931059682857704154,1242.266499608827281007391900240401339926,1120.282385000440038714473230941868541628,0.3064407748852947516357356123812507488769,672.868396213766665126410207891921510984,368.596718693922422754058080488905739019,0.5302507755832204687835525050678633856273,383.07944409116970690697257212113591847,60.1999879918550457072476526810529990664,0.737381313976522812067525905850124836825,87.00507864373773820026482285166419414625
1979,2955.986632702100265082366528968254323552,0.535200268972495273520518480310864424344,3100.807888166478723658054846303388396997,5707.070168461470010695572947890663527225,0.4591571481402686745965827189989415377548,5136.066443062855721262258647054351062007,3053.62046348079673459164208804073517051,0.4964172610128747042414707903441708515073,2971.105017041844118776820461086460595714,673.169413041685792831868648127173985691,0.6229871229696508086093501499948558185723,821.976716767936393031470003838873439629,7989.887388121884482946070828731743865094,0.4634172323307664804108382638056428991873,7257.196940074363019278935091205957142978,2282.817219660414472250497880841080337868,0.5147910492526937609955100450575342438221,2303.340788651759643338000699440045759452,2653.449704980673276103930859849928356728,0.4752435769986454217417863400584832027514,2471.62846119479053351564849249966058493,2527.427734709563849154953535298026803515,0.5239467536800218785815312708884559374352,2595.505611253377964576475455002115694711,526.192728771232885436688552742708366996,0.5744682949641103587509481713602864782586,592.470837850656555663319820368535721777,0,0,0,1268.438336270311528717596699166578039591,0.819473723828102059157640915930096543287,2037.325698264718861136416341770590701368
1980,2646.100948646200113135471709451180446135,0.6818261648784424194019266391322458371476,3536.194488925427993827010865176048677532,7826.201711105432540347432386371012042192,0.4661833814405491376991045424546368860468,7150.952547937126720650145875913983857588,4785.567896921152844186803810420101566613,0.3729326922257668512233183839851690778007,3498.001650470893009165482601698248626268,485.464410987425027007123767306368510385,0.6433993517125608555283672390780308727668,612.201075125305756416258117866179716498,9986.838248764207626475780328515823977938,0.5069186858429971127624279846192959608437,9922.529244748656396250819278371851459144,2160.636537658775086128347942144811935746,0.6936821807060320173701039432551738201417,2937.638327706288751869484121499871859257,3040.633814184279696160628575950910475579,0.6416889207181613023476778143309701864547,3824.236419825191051961853933666926034015,2335.001474385743951465027192186090525077,0.3776503081685797970307601241625299847102,1728.355491696694201848822684495952937819,2450.566422535408892721776618234011041545,0.415680937781698329051709105510143341178,1996.561347287086309384513544596229772985,423.475989508097330711083013124320162069,0.7909037798706264766193296137067560693981,656.460371141359559729553480091294217867,737.103987053633977549944879004882854755,0.8639282826628004317481772661051113225669,1248.137764091132206490243753044650713823
1981,527.307125933176505739515708359620144259,0.4168133124005406565958689708407926713412,430.785714432728011674186086357945337879,6174.812053358602083694365268788343855357,0.4043885076682973856107678940957773697133,4894.165141524204360894142634450506642949,4714.614058167038227865774666665019854446,0.469959955466959935987284888522964158142,4342.732433127365711840725113987628341771,150.981891767188805092368625218564587172,0.4423035100999153669829936327029137241137,130.888448552700119999580990854657174661,6551.137287524589784341512351929399412438,0.4016939411499324439277926087558108001702,5157.842225838460032654846855199710831578,376.325234165987700647147083141055557084,0.422158933045482017236775539214584173019,311.383356293864905031256368919433453132,1460.197995191563855828590602123324000906,0.2848207333102463454062892257340558722347,815.153540986481057445909804421073403419,1666.022743430867926739383177951161911973,0.4374381994895808480083136252574183762499,1428.412698822377917843131868586598686061,3048.591314736170301126391488713857942478,0.4953126962175963425837207521431300545027,2959.611728184337946942859058796323062186,96.71665136551644455097020489148108985091,0.6596869624298180449468747060833168374135,125.053319353174463466387263530426471041,62.5410340175341709942237972653263451737,0.5808896273981351930481745110846376266821,71.2056983771774644931609021932681964714
1982,1757.99116967753881020102430560101715208,0.6620301843318664353996216679597682379986,2281.132707506212424173666073411256321728,14934.393964812073666871054402681323894,0.3163284869329118516146032303345155759082,9259.381522452066781472489512709503191831,12064.9830902522673180899515473448075199,0.2876750688427376856275471649650106358086,6802.757888506582646420768713540580608395,470.43899174996953511921287386464842883,0.5093276987823038020250350450974234595696,469.630913807539206048079256970873808422,16221.9461427396429419528658344176926173,0.3439584421131811962740551942015208911498,10936.1636336692866778267856591953121213,1287.552177927569275081811431736368723251,0.7801908167830601378810637003046533431404,1968.891315282311765295281045593428325994,2869.410874559806348781102855336516374069,0.5190662250366189356005101288109333538114,2919.251970644092700830708837030572806246,5265.797203020509626049038328807305152227,0.3054811069217460262510353073482379289476,3152.859054472113357627072100938493759062,6799.185887231757692040913218537502367711,0.2902093866189390002781068373075787862263,3867.447629049682912302166640317042200687,415.758756197969758862668034149336941184,0.6676149908505155791151100109932937415189,544.030885301653463051261363581135986701,0,0,0
1983,1161.983854021056067176882654191846099841,0.4866243754503037814044515017369973385546,1108.281347802813403095956172861891085948,8834.397262968546357639489674470911407412,0.283402914338106194689450260543168883096,4907.240104261914547350362465990779833317,6919.18761321459075129248821183409831216,0.2677436930096354515964132016123676744234,3631.034934609655268073919539412280657896,362.12380405425419949344982069257730911,0.601435954417796690723137662551012141527,426.876780389196195625709685454644352185,9634.257312935348225322922507970180198149,0.2981086732847611456281406837321905610864,5629.229104660602506145299606587182279035,799.860049966801867683432833499268790737,0.5256550930466890086275156290568172247265,824.082997619671968669090803390693307169,1915.209649753955606347001462636813095237,0.4374531546131543857292980346169574759931,1642.116425939627904607970229976349239063,2347.620337251314912813972572318445289129,0.267649702965543191990853172365446033044,1231.546176444718228288783395154933803773,4571.567275963275838478515639515653023038,0.3061576388033552371449689343449505388349,2743.255675965622308371149566970592003889,78.00331605761959932398910345389540618452,0.6201439156124655862219616800090702695902,94.81163242742870397991392552236854119873,1597.249465099025131797311154433690078382,0.6971991267938027571785168494341479162841,2182.657827384261355091729531211176560526
1984,538.661353669889406638293709903280565428,0.3103147882700826141916730861181273940253,327.622984470161726744490146139785228646,3737.397282126819763619609739080758052646,0.1853989864613087987032919973765335885298,1358.102949494742613826425805447968904414,3145.084778421377988536409421640459889092,0.197684711202976342613320852200104383158,1218.600945216969620860023476510168148028,204.837059532063524146029124693413199757,0.54355240192101557750697185175197291943,218.225764393738727919144168210344243382,4071.221576264645646111874324290625418316,0.1794347338087036699216169109210777764947,1431.816377234063410932411696221053596452,333.824294137825882492264585209867365669,0.282445687056714323652638683991778754685,184.802974943402609330400298983449325713,592.312503705441775083200317440298163557,0.2821929277890121508701320972659881746151,327.606943189890296834427030946203137532,1321.541040997816228212815346238479990284,0.2467828976203120922199389837306686891345,639.222105746345305232972768315303011261,1823.543737423561760323594075401979898815,0.2465629725090459183180321486442355261256,881.251994222840673447188621210723179564,42.21754865160720968559373886462334193946,0.9839082830343909858966646864755186229453,81.41486378313848726518766111331915239291,215.564450486454748118070478656299557865,0.6735023915812662037727568072058301082711,284.559018967356282915952530370615470102
1985,404.317490436189684474591370409610628795,0.3444457837612741149532207775417979069824,272.960291568102221910690705699799324228,2831.06685362115299983927097564109022082,0.2177350479258959032846408145408198354915,1208.188055027049457801637896087119264026,2405.00026988001510781626787950858130296,0.2092987404588953111419362850463346141761,986.592513486813302364281004699253763535,124.840732805442417869448454475843830931,0.6472396864434872316521811077628153802843,158.371678442484652419547071679385420018,3110.543611251900266444413891574857018682,0.2104659209779344895954366343124310701795,1283.140314732956383512506427136012303959,279.476757630747266605142915933766797862,0.309187669519498929466757179319572708452,169.365104058364509519967324389658735594,426.066583741137892023003096132508917863,0.3296157294265601682767611726157006704949,275.258965656870784563763571309588633332,855.790523582121406159643850884482717684,0.2838858899629345181722720726995996674961,476.175834641554221335993891468074300404,1549.209746297893701656624028624098585275,0.2330383694320853111856572134250720999568,707.609613843689194913205020824859710773,95.06752380672501672917280059318207973712,0.4997582653704446137497112415181796708399,93.12113034979618998560655723577119088954,37.81541005139325201291579284976308497108,0.8097555852071101278557983995203543335021,60.01762941218504342849172926083697013948
1986,252.085742929644578936558542838762204301,0.4815894774568990555766634141448354001208,237.947608775170568132283674821163095916,1267.433097473886353247884485769240676636,0.3906789341585319400103368766502927803958,970.512446811155496555758040286268686098,724.904854888289491911246982660135281808,0.3107568003645334758756127344368670849995,441.527462016650521366539654704459523559,102.668368871558019672304049361088317594,0.6350801293228579751661594320648119867118,127.797176321419268373831738425798923974,1416.850471531972912512138979246914563347,0.3875030592362595036598778178113994577013,1076.106428709993565773281950847717244267,149.417374058086559264254493477673886708,0.4338495124503505601122697409568219353719,127.056323577956522516714603007865237721,542.528242585596861336637503109105394828,0.6652169012887669567577427636147975527834,707.361954533085153764497727389848995528,301.303355321404394342981662710238358731,0.4945147008299342836989638007039412762004,292.03791968700657676305218990556889873,423.601499566885097568265319949896923074,0.4321909604498902839508645731844842378954,358.830408333818672761765245357660714198,98.68131805107382257666168538406478046473,0.5809891260552068994362963970290263201335,112.37223455563981455867388480760406255,12.62626405024206653639313310543851202298,1,24.74747753847445041133054088665948356506
1987,495.012896355260960331939498552697395088,0.3905830314503739207900715389033128930806,378.953529824316452204952259659504619298,2021.578646758702032966768701252200381232,0.2852292990287935549649768430274511796495,1130.162382279260812233134778005111795382,1284.207640538872376739018075105765342629,0.2728358309643561515476167866103514381158,686.740603124908923171958769643363461183,237.673007384039659000000561655202117663,0.4710850187091310932603503950157729696522,219.449818535124919465399064089324666029,2278.918535729923334298707638149695658658,0.2906562551988927553231820554022868840118,1298.268577897263045245031900514476090528,257.339888971221301331938936897495277423,0.3914785067169586287405338205026079749313,197.456349488196826077388571392123131865,737.37100621982965622775062614643503861,0.336760817790506026080245233845660499282,486.702619616412355391202912532001052312,803.695585978840366544727163554310371558,0.3285610099448401429718542359222800331255,517.563545498139075854163758026913080561,480.512054560032010194290911551454971069,0.2980595441359484863377585445913657585765,280.713559710622650214057141185064538398,204.781993344729880073516348037906901784,0.5288512511211876265475430253347818781525,212.266458239404185531480050809417030464,35.201438645626543370361134699021679843,0.7171515089327060981481953148672027257539,49.47973908897377335564474047731558215164
1988,701.606077587437072127824964371828531841,0.4058941539541977453283841576819801779895,558.164498332092942702504584545166412042,2829.802036645838609846635220686681372246,0.2426611298253013790685978689452721035065,1345.898600413059463362140594220650788916,1879.667249399484316444815013373167967856,0.2229600752226792325103232023632304454267,821.417872586642553708777170126602845005,373.23646598442090698718314049350318661,0.4256234760768100634509366923535788476365,311.362076019790077630311667251739424943,3158.171648248854774987277044565006717471,0.2519450465588709781048519755650624532851,1559.543977799569467070224746499402279515,328.369611603016165140641823878325345231,0.465270211722747120993485058894075205063,299.449973479149078766483127898663974564,950.134787246354293401820207313513404384,0.3343263783383013003803408008067871832229,622.604039812479875012447106101139286199,864.134468765241921674859777863385080627,0.3180634022121640264922880570230689970844,538.705116244376713238465725146748214919,1015.53278063424239476995523550978288723,0.2222702934372138205566656496262938802868,442.416627527498189686735107208420643554,611.831150399215703743900703756086610546,0.412089911243319197943167391787689266665,494.173711149264930090121625505660102768,122.789590506172030380155536703941134173,0.6097494971897746915093483039387142042314,146.746946499702386054127652917320373202
1989,3040.977221836361645538536620172806146221,0.4523787430262646356114264507833561605399,2696.319968244237759411176875311427751112,4790.465794117447334032799590183042667612,0.2496249243240524426926042583592500676535,2343.806536213717976900087915747465762172,3414.612443223150609276136903660003047661,0.2579947824283248679746803875618296251164,1726.666300958158783734377030317137404633,1492.816214182780896045850000469794756907,0.4870470567841200147231387498743036505373,1425.060617137178468185986751280925260853,6338.626801771028083525486209886054056934,0.2711505864241701374333539649699376322128,3368.695853871385556460046810612028167038,1548.161007653580749492686619703011389311,0.4318857050794777563566295029017995280218,1310.5120723993621030269572273208318096,1375.853350894296724756662686523039619949,0.2955579492129603283637040426164972246854,797.023013823871760820367446736996128607,1479.199727894697353761137988505531835131,0.2863966298151984604682616273426013889852,830.330121109495862794588808112860856421,1935.412715328453255514998915154471212535,0.263168617994750027690749359934378362775,998.306183503212968491312855888084973147,1218.990487841322041796164949358290824865,0.4297536524663061394668672203976842606362,1026.776604364125285108152364460908709541,504.348407988454394626263862579023802249,0.4531566452321316344246500369693232663359,447.955711880740248441540849307373094974
1990,1122.365605649625585980263221071470305777,0.5241232018610041550748731075708600150399,1152.985395587823917243743557931027674002,5930.61563224115818462668051524821026866,0.2643871926703022233702526659934127762737,3073.238482917104674073505736282908144391,4706.84177807635566461858899339191145151,0.2640124851987461457626156621136246252628,2435.623390723758728099148931950042556873,322.845467081402209662635978884276174037,0.4960283269867964359583940595616707560002,313.875373946851248142901801615287623396,6730.135770809381560944307757435404400392,0.2743015902171731167200968032883371772979,3618.330410848567280344388418019083017676,799.520138568223376317627242187194131726,0.5443059798502469293252719209987625481814,852.959841169428770741654716327649966426,1223.773854164802520008091521856298817153,0.390575146521470959838186371726783389706,936.832278703143438192268114317394896851,1857.720924305887342062684270266251520899,0.3036001504791879802391045380072285032493,1105.448530248503017778809916926820555107,2849.12085377046832255590472312565993061,0.2682085911084670669039681046344636224602,1497.751032571559051793879084382717060913,336.095242816229884279053928436027259199,0.5321829905649872584931038265077278205557,350.573776015749269541621501672014229808,12.94730582882871221362267591786911593847,1,25.3767194245042759387004447990234672394
1991,1664.048782352547866293266610289659686206,0.5096642573178324625690277350484258274528,1662.288126124775295616335025130962448231,6073.393179619865738915352735817737094157,0.245100475188956365271297683622013366716,2917.639446495023595772523172882667607054,4098.733701907513454700560680087073764664,0.2366671624127243340508913183975644152276,1901.269922443070573410139666485740601013,789.251821909852413578680518363829500848,0.6648170251660277372309894476217500521031,1028.427774763992164007890218813865215119,6948.190140062561191629938827743567279502,0.2482654612435672470942121078109917000587,3380.991434664050220854488273295377258397,874.796960442695452714586091925830185356,0.3864140465058715436863861432024286356811,662.546313377169628048277448267190139017,1974.659477712352284214792055730663329493,0.2903275368434949196371484162041776788735,1123.664123647023210091381999612431311268,2150.011970031321796449792920420635504258,0.2294628356311320431166965270253138777773,966.961772837156627740493126142611892662,1948.721731876191658250767759666438260405,0.3223379283355446569805644415273402231323,1231.167974872635619979833379241457465602,521.345760460049531406926145686800961745,0.7327548026623972034623037085839307820225,748.756475256570754241402068117029934688,270.258352168208670520369236864091823667,0.9561590537076744953844305305322901059313,506.483541720869690526211706624457405194
1992,1250.293612744213994532277991570428710968,0.3843688276928502342882773231522109870232,941.924824796609933003270040729555866265,6278.836489217075108395386514785720149077,0.2041739834684836611468052351377015505038,2512.671112799409402095550032814768179824,4607.843157778287605317611163738837072304,0.2008345718181048653113282882841243884807,1813.81184689087775618508226772986623385,435.852653827721653893407927153766898153,0.6449039431810796257343600770409859661347,550.922866394894114556271367564975475962,7093.27744813356744903425657920238196189,0.2005101295149059278896744787224044146948,2787.657000428429128306506126942048357254,814.440958916492340638870064416661812817,0.3213215279498385522381281776024893021458,512.926930154198851129977207443503895607,1670.993331438787503077775351046883076777,0.2996926341430838447743098837443492290089,981.537410543458078555585800491630878299,2046.755676373740798754372920234837654143,0.2037371687626387391786339848884214770965,817.320405040361431547685298269199846832,2561.087481404546806563238243503999418159,0.247478716956220086307571528789880307074,1242.276702064843449009731934435717105692,279.590999203962746171514463478483048031,0.6884740471389450678076682964129254136063,377.282647660524649248019524273971450756,215.986802440111003167365807263911864344,0.5914007505247614536152516559312744253208,250.360123850389050502566080716245183178
1993,2105.913844204275328332600412403065640257,0.405343451961095188328731253568902846112,1673.092038799145107550566074658147781695,8425.335376212083204672847722049466888845,0.1626038270868191495622951243445072198365,2685.183882257617891929681176585359252996,6257.520493920160767091594747259294800813,0.1631927192514628453363325797040431274314,2001.516298942192308794744620606458085524,982.782879661819512563660438815880184178,0.5650492032240732250258949356456293766596,1088.428538866535854722009260384716624366,9548.466340754539020441787695636652344938,0.168745362577338223144648840469968271911,3158.068452867143876907563473206878641399,1123.13096454245581576893997358718545608,0.3110350770554675425300839783461159979609,684.692927155694884780029816350473250015,2167.814882291922437581252974790172088013,0.2083243833589662918869608597356008915445,885.153049236115481473874114856602139804,2465.428510212368789221260942007300434725,0.1799665950883996766452325372587269539906,869.64175785690020911126228440415411007,3792.091983707791977870333805251994366089,0.1939212580388876078601932002757719217345,1441.319806236399985134942735791616907853,643.340434445189796987577977427499178603,0.6681528284744936001850567724052043569955,842.505472655263661767484931789563203425,1634.765031241695303398434894143397974203,0.9444151853427388597044446393868542495322,3026.037963145029746635681228033628099569
1994,915.687425416285016099205918274996803533,0.2244066862414049237987284483773495077937,402.753306310360602338689079376699008284,5812.201218928863712052082665693965148606,0.1762473260011594143168086977294810573638,2007.794449113107463035104757273351801134,4245.595462302574386118486831847130084062,0.1741971683846355289666308453228686190855,1449.558586973941504240824198125330183022,188.750014860337346160120754335288458484,0.4416396271228894107545988005243223238907,163.384592917424072686531102369364536082,6539.138629484811381991167829633673493658,0.1764730060084519547132832722804958625897,2261.803643276299862987233741904681001483,726.937410555947669939085163939708345048,0.2455386357109445557340456982721786026783,349.842791268902185748761432395000065898,1566.605756626289325933595833846835064529,0.2761755040276761295426256575259687820247,848.009943519891781080200999112473724443,1985.463827845452998950474160519244554347,0.2088498110913151338741195618987716647146,812.740940933358090912953518695075157922,2260.131634457121387168012671327885529728,0.1962043127281017220495919001663175104512,869.157245066853431538477812482965953046,98.62353173259753020452557340889469029198,0.4735660890398819628773286607477587577827,91.54133001141753619395780971668186196219,127.926730469935813845165423432560263825,0.523747084287224008891575916160370167498,131.322454088611862655537023875989044992
1995,1037.913841100744213565370952602815893021,0.2895311473694251385493141931000884552142,588.996435157631131345852712295933247416,4888.873190773598463920984900965855388228,0.1725581426485948097397780831257954181664,1653.485159791026882375927646572227604019,3448.03481135920139669946709712103071159,0.1905870153496719691304666521379738870769,1288.015300496690041834336671628353261355,223.191570439800771449387109337912956515,0.4363437718723835950636063388631363650317,190.880973323813984953756457990992015004,5703.595461434541906036968744230758324736,0.177884136638460018343545532026889224314,1988.575142608952042067966473580930835049,814.722270660943442115983843264902936505,0.2996990136436985368486814169970025977165,478.576063384852715994396665623971508422,1440.838379414397067221517803844824676633,0.2451292239209508153140475149805458961693,692.255523733088391583540711245322325488,1562.944120950703098433704530828710306524,0.1898390922079611153948244782813584325358,581.547470462380461095428217146615523333,1885.090690408498298265762566292320405076,0.2692682451031566804012525984653391077597,994.886321650524960765214811995762074082,182.468247442916280804329041929286755501,0.4233020729195657082593458474906101717255,151.388807273789944900118655603053738752,20.53551603053442762686853547569444840282,0.7003051031938039524191725370008530603117,28.18700827888679820569152622998047307471
1996,1291.248697214234359129881324290354362587,0.3521545928908474826778170082456314611538,891.249552205099141961909459798921002989,8493.500330728032810254982763923622412705,0.2410321258378727871597371561973672431779,4012.524623419304546742463873702142995231,6217.820956353705230317495170135993741293,0.2274439272746144733087705536773426277224,2771.843010110832453456672308517120875994,374.338560809295241267834497981483418001,0.4106822213463376607461062206897577721433,301.319015709954838468466533871712042457,9410.410467132971928117029590232493357291,0.2408860413405563814628320426420211732807,4442.999588642099227586222945500666961062,916.91013640493911786204682630887094459,0.3675604184817895810661138562896249329763,660.558951956500612242678888386299246277,2275.679374374327579937487593787628671424,0.3507300836105711730126051244912375710405,1564.37246580051401197825787545222003462,2537.138049109211110460205400272810319491,0.2895750759596706124348891686255467120664,1439.996208850301819208773850699498812492,3680.682907244494119857289769863183421808,0.2191938894232205708759693609299543032628,1581.295076258075815925714154758539208735,364.482203249125166890072183532490228735,0.5897964529459155692194231813015446856837,421.341808850962721133139619917150112961,432.352837035290588188863706109548942181,0.909007950588204863619255104336785766093,770.303845995913408864484902714137209673
1997,1342.321826577288792470957680704789351337,0.4155486654399750549393326729288360752523,1093.288085505278312993738011381118688005,10005.3445331409875589813608104961104886,0.3299734355791762742635090270951633568295,6470.935903117567900171151643874322619293,7340.820608105787212903291159721549732635,0.2837349100399286578131960031174308684719,4082.380266725893842144303881465767633596,423.550413878829511924434162679572977726,0.6592893324983938355070295243349992826244,547.314848505360228197923493892891274893,10924.1159458394468395278843285213268622,0.3374577863119252276296829541281002646184,7225.398849615654670181959947840075473547,918.771412698459280546523518025216373612,0.4522064160836485177295274487043016603405,814.329682363502812493449067073830232875,2664.523925035200346078069650774560755918,0.4857791994374310654237408968309528806317,2536.965786403543172183145224872852946901,3484.483165836806435093310813763634886851,0.3794492877296973724189695081048741023143,2591.481924550478454184740458553173938175,3856.33744226898077780998034595791484579,0.2626798502284697783573524896545624491982,1985.444997860685938505750708376644387503,287.210906913507744908953205853570756333,0.7446297364437980225461952578307368906428,419.176932560827379756149603980118562725,406.51277845611523023310026776314713553,0.8875712755884738158339706359697166882365,707.185768021925350641771983236028768033
1998,902.401661006947572255195482576729439369,0.3737796881850442085877951526991283773125,661.106846478931947935323810299519211476,7477.615464690207663838903648985693934357,0.3594958770502895527098286382765129910117,5268.81698225828476197934140537422527233,5487.4824980672292327615665130258130084,0.3313713116455789435084345170834448210133,3564.052775112723906417143047506539177088,403.171199815024415897978389976016735111,0.612038925381176822330309620777141741076,483.642677043677427944860211623522753453,7976.845925882130820196120741586406638615,0.3552020148069330450564800842473377667421,5553.447819568504007052614891253459392863,499.230461191923156357217092600712704261,0.3486043466072078811077493525325803369171,341.106461111241828940752897581500650172,1990.132966622978431077337135959880925954,0.4492200724802766002135758498198331269958,1752.255044003054035177474643147143158547,2116.881887011291465815527713191777993576,0.3876089871804446424972982582590433372421,1608.223990641947270357030461690993445336,3370.600611055937766946038799834035014828,0.3086085186420571789105963745244518033023,2038.784280563491950295654073580480130737,209.638955661531833380152618401526894358,0.6444538645266474330385050406647749170011,264.801164857553180727930008527434025338,243.042847443438578711638145096399996132,0.5474355640498635224142374968494898601514,260.778584625828108658660849788195379053
1999,271.780299299199200904587910860706550312,0.4487135094607180784309204227480999738312,239.024924125622902689746155862408997234,1422.867549631557395059429724227664374526,0.1817184275875426685110062459531580785681,506.780057417397415419771630038953260883,1163.419496887705390579699127933130048244,0.2024029420760902279614045202677818993531,461.539876915962288054415767887789235771,100.100065312209783563183147457666301452,0.6297220826904786519273345471718799468288,123.549034347481058838348055209024461684,1594.547783618546812400834487630704623384,0.1819011959004630233855084370334480542244,568.498291570866958717582724285418137191,171.68023398698941734140476340304024886,0.4086353671359581837815086505396313100437,137.503046272710828105574164612503065989,259.448052743852004479730596294534326274,0.2870237933944966901352590464032749116212,145.956818003217481338789474490533834721,276.557295525259057994039710776158512299,0.3323292030079178036120235492118842847185,180.139808591551689511657458045302821366,886.862201362446332585659417156971535949,0.2297246625578268849521995862179004732521,399.318875088827824731918257927347897237,92.75343852672721977452324095093283634212,0.6659504361480869018145714345992160280672,121.067617968573167651726513668300927342,14.39111416154052457267212841315874463848,1,28.20658375661942816243737168979113949142
2000,314.51941633750496802565398415029077628,0.3440086216883684864641103747736307730654,212.066886180650610069196887365637407375,1880.153770155234821157493497165660729663,0.3083139671457100546073127358291755786878,1136.168228732226965612250410548046861424,1533.54653600892404253351308447994770404,0.3302305531613416484445004610607735008594,992.59088493437719815026684044913967457,97.87690934051030765446347251559091440148,0.3844658379443715385009762599527136709238,73.75544281140897855835343338981249130154,2096.796277152229481528684008800360591542,0.310174411397403637152206016607784742508,1274.730200128481607207892061287084237852,216.642506996994660371190511634699861879,0.4073892019221913267389165573203433643677,172.985323334739673889158803101244723985,346.607234146310778623980412685713025624,0.3698809668072154532162482320112784627558,251.278700982088170196865319649277644143,496.967099834121164577205344252824668816,0.3313257137993374799061411552963428088064,322.729639011160539288821833143511846533,1036.579436174802877956307740227123035224,0.3951584208486705086988438104291008754851,802.84166244275907908100018561618815713,52.48130934043411320267802728257736045385,0.5813728886035943368745011740133406548083,59.80197240153607428496930450749396416908,37.01703070264125612544015197336182796642,0.7104675621019586758258980319544020435921,51.54682313673541976167361265161627773051
2001,483.054472305586164146627528904048349143,0.4379995299286926341594095998701006551304,414.692158327606852014471947581206465558,2512.209385502781176645053497698774966566,0.2546455276718560789985588479502293180529,1253.856853803348239317085047426355580715,1936.524220892855630993052497816566978505,0.2787369150490907083161016712453344327441,1057.970343009056200804666152451022481497,163.821705730056482988047855243557694904,0.7347517701311891710181879543248537949919,235.921845011296762616111196266145677808,2831.442152078310857803633171359265620812,0.2453844457040295967114784400229655805665,1361.792051540291526325616797643050010336,319.23276657552968115857967366049065424,0.3330431726950847340384992405835398039046,208.383855080745858279667601182727442589,575.685164609925545652000999882207988062,0.3397260248327927522132891164239829620127,383.327455755158220440320335456942092086,555.090866581773569002685292054659143278,0.3215046958429613014398787242852486851003,349.790067642134689417966174867786644273,1381.433354311082061990367205761907835236,0.315272024403746856086897857259934282624,853.633488777326148380528186199354249328,144.80835643411597793414292639165094238,0.8831763461392380227406430165788038938727,250.666977646785497982271054451560380378,43.12879682378727548332706157226924519774,0.5707258626995149941752830140469962988479,48.24485075791826612911037584409053155862
2002,118.558952196644691720520639710555466646,0.619901575518078385336235096220537173065,144.049967266606265882902187987967315384,1640.026752961635232615285438508524065277,0.321485772902318980182005987554627326877,1033.40072578244963843281701885855746029,1370.799212270764016984149757651972825849,0.3612300364660999198324212954206322594967,970.540744895087495874939261668485703046,25.98492000584901193552401282716927466833,0.5964109499193157058938515416800339365628,30.37547401556104608042308317687032178952,1732.600785152430912400282065391910257253,0.3201389121965540356658283458743592241861,1087.158944034005539422153950889196403664,92.5740321907956797849966268833861919772,0.7400393761835697338438169926363277683642,134.276520905217310992928133617813073656,269.227540690871215631135680856551239427,0.4352412722993000256377614521727164104223,229.670717202680458760875952094672876759,281.566421598545877406969945884903486339,0.4153722317168760803233542641411177748439,229.231550915208727436423445192125631045,1089.232790672218139577179811767069339514,0.4305642972548585316506826281250734767502,919.210112082954779494218623656365708729,0.9246556665403650723448407401203235525668,0.9999999999999999999999999999999999999984,1.81232510641911554179588785063583416303,88.53548430414686988876751901376482334405,0.6902763317242589569162147283027016583339,119.783340692478525610526423208346985508
2003,541.556294175756143033984223050905667714,0.6380206179761445943880815118069727139482,677.227199698617912275714236584198899912,1233.238109070278438780609550585947077015,0.3165133698376112597114539260779619868992,765.05924543943492847851510289608759179,917.860785729454837194440144267009542622,0.2750346420160845589836445375706365184788,494.789284742457303661570497828852669288,208.117513791961232111519942271961111616,0.8848705537160845576940180599531889268886,360.947836947530896441347451572870494422,1566.676889454073349703073831364891633116,0.336100231550904352511921640253243772933,1032.058512009490682848219838748966389739,333.438780383794910922464280778944556093,0.5199677735054699190284617382564330975098,339.819743663620748947560636051101478148,315.377323340823601586169406318937534393,0.562639850796650818124442879476272136771,347.789946292291061751321740399260663243,258.073647510634439126729643625367551082,0.3834184411515004858069551857499545123713,193.942383436386170263719655084204110188,659.78713821882039806771050064164199154,0.2992135312462587844114117616609731095758,386.937789414740693953883481483094499866,94.15693877354644262377629906385552263857,0.8171395326712381355154824656304397488351,150.801139616453439382754012274098201849,338.669273058093454578233325151384642506,0.6475348670564887529327611695160250411079,429.828318903348857220143321433857075722
2004,443.174617817240597970075183434723778787,0.5848378404218117645784367058382997199933,508.003161371433676324583746114140260859,1340.705030945402549277470326353157139475,0.2869937587579708551694707728783049949453,754.156993384815710180215082566113926723,1138.689206455996892203867198043204987163,0.2675209425493779833530578364287307777865,597.06149117254663811787500241139067042,260.00944746800069813950827382126328845,0.6361491401750351177994439284603706147544,324.193381430543027578460132240087398212,1523.870201294642449108037235966617629811,0.3048022962060978084506178368738856636079,910.37910749032477968095230987940267218,183.165170349239899830566909613460490337,0.5961812167917791401643807088674847555666,214.031282900059364518022561963134505715,202.01582448940565707360312830995215231,0.6833370687143923887259902097243986727466,270.568006627402787322063588652716437713,436.839082426112723828991273215951184692,0.3307471585370137073738675105022715793976,283.187239090692083004105137394677238779,701.850124029884168374875924827253802477,0.3127076608182289283278560563265607949183,430.168864639523089462784922982981787604,193.656893091518040738600203461380521029,0.6048857604621095221705125504839616349825,229.594982210928974556556097244562270965,66.41418983914039906226182904262724369203,0.6306223394815335018824738544340343275176,82.08925267141364284337267507550626234869
2005,449.006824267505040877549772273256457291,0.4472374294703222216766878270269552854318,393.592809484062033733640674911843176113,1395.604114463311007600469522714906294987,0.3608763750158361163071185347596298254743,987.135485418023164151746540458342235412,1016.139381782678710370072976700825305111,0.3512035750567656762718628757838478843256,699.468695930575011689382213322020745808,202.592667425247634066220442598352671082,0.5164914399440767503401915578529072711615,205.089261900332101009341710802705859117,1642.018271305568414411798852389810081196,0.3708266441412082491957406634211230005973,1193.452085326912239379721031598696517877,246.414156842257406811329329674903786209,0.4478649695440861067171251556406674720954,216.306126944802970430612025630372876461,379.464732680632297230396546014080989876,0.4890312784391449324046751415563956425033,363.717441756940865389476108257325924466,442.916251896913083979878935567346427753,0.6096117850190255289527290368053593056345,529.213655188314532694298584124518102013,573.223129885765626390194041133478877354,0.3434987156446035992247987352586999661211,385.926761431338952993362293662299645081,93.48241792646113429886292551901387516902,0.574864933670938124524055963180475245724,105.329937402160234228532372868830552302,52.21664277514479665631728371245760461085,0.7404586877261485254192882088946103479041,75.78196290202762942025018667923654814053
2006,1050.024908858376454831537820514636868891,0.4595350705211804437566838806607195684093,945.745610260810980735015806411248819073,3223.28818836110887809901807763360766856,0.3580798532015619018896031175656193377397,2262.221340176761580119257439046980568244,2460.257800452432855113878057328765074178,0.3035301019518042938652691584838841262052,1463.654109958135508241380531223008235899,379.434458551965433611187175189540189947,0.6446183110919930329566282283824643417144,479.397183690070668782743804439134952782,3893.878638667519899319368722958704347499,0.3337421020018852739981749687581668965973,2547.12043394590969301139848104671705567,670.590450306411021220350645325096678939,0.3856117393564946534172990175846594026866,506.831597879479887940620391013516862433,763.030387908676022985140020304842594378,0.5800216928378686513688546165099830841773,867.445387471790666788249627167453424741,1154.855454740081393831781147979575026814,0.3777147724799293323142020700731308260068,854.963692055336133681052392524003035413,1305.402345712351461282096909349190047359,0.2868546198385398011133266325322707128355,733.942959486683183318681843555500287829,144.78749910155052314085361884196393327,0.5245120963217882020440080569840737425311,148.847877562888849883410338840854437325,14.24803956582194160134387476539776191376,0.9999999999999999999999999999999999999972,27.92615754901100553863399454017961335089
2007,2617.695636212139751869364669869900419855,0.4543969402014906904590713160506785454603,2331.366859448237958697605959241226357518,4564.122033118182425836038346476111904143,0.3480210362467651633895620314924636940658,3113.28453986406565591716875181498160148,2217.012111923608630163813417322290507437,0.3070758971023192554256194484398317742912,1334.350326985073106526352053101278513007,711.038883542166238904857472651722737577,0.4674668127868591455413238852535811863288,651.478678087687008546038649575554591186,6470.778785788155938800545543694289586419,0.3845847746315652152656764889840973739819,4877.583482005180274351140752373235858601,1906.65675266997351296450719721817768228,0.4936946203880029686413640319012121729168,1844.960116170465076653895121584246315918,2347.109921194573795672224929153821396711,0.4149094721581820015364084660108165553126,1908.722751460142625256319978051642087572,1135.625021878929881075043512960600871847,0.3995423197259086382781718336324466279278,889.311300937375054493745560086929326659,1081.387090044678749088769904361689635595,0.2597789529019309885657295387662784705666,550.606347629606699291885925874035212898,247.178968114229404567662268041828192967,0.5802641711358774377586671760354469810833,281.121034147848615056923049868657396021,47.49007102581103818931132432990227187106,0.502020708195001066021250514543672856152,46.72835821367277395728348041886280759406
2008,1971.643232257897948497041806653506223941,0.4474522144097266020900601939864752297267,1729.143615387504782730784381218509022998,3655.211585476752557870476915651771989105,0.2873624232148469811259385385335189546667,2058.726098788541503445993660811157443705,2701.033283660372133689299596790194374253,0.2924887483323067743536542301551464693556,1548.44281490977661060334140872821809293,972.377950462188322172042198391227728173,0.5458556415822866413026165131019825329292,1040.32486041961321767803716311419371018,4654.476867272462184195476523914050484876,0.2840335092092474938711610285675341080922,2591.173700363538133489605674097759498413,999.26528179570962632499960826227849577,0.3703406714760096350686918899184578473091,725.334407868058696515147890114853467388,954.178301816380424181177318861577614847,0.3363942591107873570194793066237501612597,629.121001682256656514685102519161132718,880.591651818366649437061715405375633001,0.4690247118701138006648429008747218798427,809.517721707900502833667726059288006309,1820.441631842005484252237881384818741256,0.2558469822130955129102072857948969228124,912.878815691645888578346954792171942823,214.110578154846561163531803585962548365,0.6665047558905947808989586905836370808135,279.703208508312640591680158520891246112,40.31413091340712623922153518870357950459,0.5734093305658481746727242043596982385347,45.30833768602546150325516846236886113969
2009,1890.692478080036992344282400411795773222,0.2540818488910685715172744405859693983184,941.565655409423395627085553495835506236,5078.510250174559336001610092312675839534,0.2642577447730347196750700021206967183505,2630.389904415024031715703789305767767899,2570.885241637844074482963968700529681384,0.2383219573705756357138877871469843918433,1200.888869806022383003698447739763254404,667.728009937305803515685620193909986271,0.3694610952801794064606044222089703090241,483.531062925355381195505341968108180946,6301.474718317290524830206872530561626491,0.2561058847521393089831626075376765359318,3163.135725636659544210740423686607579878,1222.964468142731188828596780217885786954,0.2412842156782249613015549949712867116591,578.360764096386606586338565740644742302,2507.625008536715261518646123612146158157,0.3485081394310425301239612012276858143876,1712.898343187130243403232564608436442611,968.929791270291277187090556262275029247,0.3378679935548860966718634341275841863085,641.645914365213892184301981599289720586,1601.955450367552797295873412438254652138,0.2766854795187823835148504352686226063217,868.746111427239743663611398939738689281,218.174706465962017368530247687532980757,0.4233596075297905440621577902063232760217,181.038061880619592578972594967852073111,191.687703039988014699015762963697572747,0.5079851068737584856668128835515074634211,190.854016697701038388966315879955441806
2010,3973.880963990712181890323483535493124163,0.7540369630477166631098336888634796904947,5873.04814185735105355253778171858327129,8141.490535912270656723199110742552229858,0.3731971652835218457230418801922088662227,5955.22713080275782210140849620264404004,4317.377686354467110115549062693974183516,0.2558093299334704602301052582920675519554,2164.673966311464317981049557895850326141,984.46415281076463587710282152032516121,0.7936192352547604736377821950315654589965,1531.327788655233180521083432070388238915,11130.9073470922182027364197727577201928,0.4661513311054146397400779008044803770157,10169.8270614658310825269677947919238555,2989.416811179947546013220662015167962958,0.7426247867174734256073088819736960807117,4351.229442751790624911909660186244909645,3824.112849557803546607650048048578046339,0.5419927779990216809765955812686243412651,4062.377431558634074373299490902219936182,2938.11803623783910548493212753817057447,0.290138605139746870342544410819332676785,1670.824478789158617620490454070963793313,1379.259650116628004630616935155803609054,0.2900747862467395890051186254571859663286,784.173358445214057264469302957844997499,112.388304351090756197869548397255497138,0.7678822434274533351223207118282646112358,169.149927229041050383228689610718671969,455.874897338546903937597326052284612529,0.9577397271097165475844479171062853572878,855.754619555452318111767770050853711841
2011,1699.428791232034560060491049695601630681,0.6196952691426974363764802928117187914923,2064.130845055913874657262449304542788056,9516.336264026605061479053396734857990237,0.5450855707610375718155503360756661210037,10166.9464647005678377902858631390576903,5700.785031840307842481674946969283674504,0.4926055209921671212026252757410588967058,5504.146834121124035669885429914622471853,284.524111876149570471408596004086801526,0.5268037194750485419171665151369142268745,293.781186416713234198799201877004251366,10931.2409433824900510681358504263728194,0.558203023138702088089618649056482563129,11959.6294128571809226218223381533298305,1414.904679355884989589082453691514829154,0.6592149716793388712662990326930508361086,1828.143642335885389032094552045976562819,3815.551232186297218997378449765574315724,0.6305315060088399079063023910492547020841,4715.417518781249127942175273029627108651,3934.022670985554886911393984975879448599,0.5826601072441552790590361736948366910016,4492.708219899667953485588696908687674818,1766.762360854752955570280961993404225907,0.3318489902340515288652301706062632348495,1149.144678649030323942017609922302027113,122.250909624456697847606211064932240792,0.5973091709752982478509273354032820840752,143.122315378370266100529912309826392215,32.38414630999856471957562957792926007338,0.7226028176876308431556888819951694886456,45.865715729146373690113591039773697278
2012,907.032848137620365999826744950663181185,0.4372399633440291391556812660245650547322,777.318378172186016230303147668056716782,5652.410826521199146365185530761366198671,0.3310554903970390462814957218822662424103,3667.672810675036429779744733778860496297,3312.504200304800754633368386853885266877,0.2949783483850602163583852562844800458483,1915.149355327990221971528492686035958276,359.21963175104403561108492072486669875,0.4606134985550461873869148459470810480026,324.304366207787341048301576185550432298,6200.224042907775476753927354987162681114,0.3393044283642408279561216948368226797647,4123.376410233728109437413966683536417761,547.813216386576330388741824225796482436,0.4459453386626626670149665228095207099559,478.817710598572803136974243492305895254,2339.906626216398391731817143907480931793,0.4185524039089672397347656244827131653073,1919.572144917773831782042225947878790901,1446.358300655182909755224682733450409784,0.3074114168224545392420866386997435671904,871.469026697161813311512232544208449702,1866.145899649617844878143704120434857095,0.3165975688727697088738210797277696146068,1158.001819782275083727343155779561916829,51.9168152594734837240186746693020521634,0.5910187571508787921828000899816089089,60.14027079457616252249809796111479836022,74.47580856514396561953524399194609445244,0.4365585983373891453935890436411878308597,63.72558701059622257849733955076878055737
2013,445.607734490492271615745920106418832008,0.3663491770282545532267966259310147233142,319.966132543712938748096787230407412017,2022.474208597864711557479869120960688009,0.2169626554908108072642260302987339935224,860.050694919774758120896746514974148633,1485.356902485158660996851425860683518509,0.2409615865634078070916336463585449058751,701.511353438036381282323945041602105954,180.522453047871101046635877836776488859,0.5091126765760947442006549082476737442017,180.136287736436735585294171816290899,2287.559490040485882126589911390603031163,0.2165822863740316094116171792283767199021,971.071934556381156269274574123964444824,265.085281442621170569110042269642343148,0.3456367776143601148571897524157767776278,179.581516042813698931766782119986293544,537.117306112706050560628443260277169499,0.2620834773333554110533982703398962402449,275.908359791006939307006254289732872939,866.44340864478175044437677331301214925,0.2613534215455439559641646484962623427041,443.837980872799392134385114582672064158,618.91349384037691055247465254767136926,0.347415026785299689320380082630935363492,421.438902159062398970516166530548065573,85.39815236914502024915172969199288884555,0.7785829384996268743419135395293347472534,130.319507051455292618591923522770757776,27.24146868501529954666014886862847631185,0.7188957193674393205340878063197617268409,38.38419944480170427363577679595868279143
2014,796.478761937784541778492002821461594174,0.4693762291595265938529038423968092388156,732.74246785265094621308457702822089327,5471.667298173960965625303527462804203275,0.4429308760563174268243670499353822322318,4750.197964143036068990174948041424192773,3568.393627593934563164386046945479071262,0.3534808799704548544259769537453961925676,2472.263482343220423199884221339725703467,238.921376456163381876733231007381343248,0.4180357166452617143318992333576514275008,195.76023090430025308018679654317239924,6029.224683655582125527062299276884454211,0.4487141374899495950081145356342194418834,5302.580773172872312090623485589500862704,557.557385481621159901758771814080250929,0.5221481474711411854593745035340077410295,570.610009638639619962023582540962235946,1903.273670580026402460917480517325132018,0.6377831393077459512616844589983227410659,2379.196678905239673619603951845032163063,1583.768095582740784848869283311815377596,0.4926914009964135944012537732291380489141,1529.40548685752157052615416378463536064,1984.625532011193778315516763633663693671,0.2820510868534893469378102431032051699652,1097.140945069845768382838588063725930369,40.35397350202813046824581252177109458039,0.5421815218325665805213568418110568948099,42.88319038002852905854220289795193311813,61.76145463184285815259592558202682276651,0.6178385518708902941870172516278922798555,74.79087107470786341550661311840347632173
2015,825.313344502966705014365589258268122181,0.8100958130234822728326518030275732525274,1310.422454235949848799637736811343481567,5133.818308318431816003969706832142551057,0.76089611674919174368943972103135055619,7656.352733194983118396121456799945722317,3591.80377114193512587296917144878518755,0.7766655880555564684765698351338346216309,5467.675560664468161599732168820998108163,81.69403964725594667361033039299891477825,0.6182430146064753256121093578004771853871,98.99326791992484788924632350333011346957,5877.437613174142574344724965697411758463,0.7697127923985200077339129204268921300217,8866.920278073349022478883803431731738927,743.619304855710758340755258865269207403,0.8349428194042774879095241729198754477095,1216.924013960965103757672615861178954304,1542.014537176496690131000535383357363504,0.7284322699792649908620927100653571147469,2201.57617332674233067612272495907527499,1987.253607281505149456473140476080769957,0.8521558670640974357708332512172677478806,3319.161648746883732540131683400285752933,1604.550163860429976416496030972704417595,0.6874303684603206199868143739117139814436,2161.912360297060682886625782722254641654,4.57497465715341251444525191397739706698,1,8.96695032802068852831269375139569825128,24.13419529330288931680617328041495931162,0.7312549855236209980343711283062916946424,34.59057123446375485394474168150720470638
2016,509.153099511433237204768108735734810587,0.6337975428519969872099481103311890926424,632.491967475416399161672678546678552921,3072.087133521730960629911980835700519625,0.3774842783847765677022800050219116482194,2272.942605675910409728814496519970819325,2304.743892225942481351052008217515205452,0.3567816531001129485325070125886264765144,1611.689058247890216699056327896909930983,95.33110130237664834029468905893196564699,0.6291375991130619655541462935195490913319,117.553705180595424875450211200516646384,3485.909131730787549494385400512503364573,0.3927649398327946887942899527485056076557,2683.520065158191399775111499777422239065,413.821998209056588864473419676802844941,0.642735364655179956968894618217931209019,521.316944525617098890802809377032411519,767.343241295788479278859972618185314176,0.5643418024235121401275804233474349246577,848.765981025915916931743040759042706715,828.140175545787989631307490443444570535,0.4079272805771832247497632248590603984477,662.129100704324677181307959595364501798,1476.603716680154491719744517774070634917,0.3502301574027870956243045944618744866737,1013.616258144284659743871986553447919493,0,0,0,129.385359357838144551515284075314927493,0.411368063811024345948227960800086820863,104.32100933847385656667040823878331525
2017,122.279642242937338871912879830711402944,0.6480954317670343348074124686017017749563,155.327799970079732165351084858506618245,1720.820636411605332123401866421968283874,0.5835876625066855549836101190067304453365,1968.329397881562937871062282779259204821,1332.772819177176515432228812524410135731,0.5672884445965181604632587579250572200525,1481.890574399412551681227928584238266552,49.34041270835160112717026764213157549812,0.6280441080870458234548329300224243147374,60.7363927644443077748070192039400917776,1793.759865946191069868144478610548111319,0.5995290706274686128181647728167785890791,2107.805923304762329270034489091646264609,72.93922953458573774474261218857982744572,0.9999999999999999999999999999999999999996,142.960889887788045979695519889616461794,388.047817234428816691173053897558148139,0.671974914347375172385759342430869571273,511.086461547630750708164240648543688062,456.077388263014904898023147952811112996,0.8766731279365258178973559310819735772031,783.66834947733090341645242410164438988,876.695430914161610534205664571599022738,0.4423486311327584749414995389982806291169,760.097846619037502044655600940468171092,61.48406597558878787454791104460988401437,0.783225092599852472763898073430034791267,94.38549200360609561056384107975198040289,0,0,0
2018,433.973661213303764918713437326872742972,0.5840701168831975775323487606459824120641,496.803252177003693350857836144650527424,1612.409975691715820777203874881660101052,0.2781832072757546203938766572678820720238,879.148941823432380200313230525919736718,1358.22394300768001457928970759670078786,0.2762591544861789083520791816244036713964,735.434724272444031269444931121540720067,315.641330816731810479298620012046179333,0.6338464671269968529869082665636945267241,392.133559138200310960477485910124261171,1730.742306088287775216618692196486664688,0.2810807357115211451147413912201746782393,953.497508615807274540702720939358181865,118.332330396571954439414817314826563638,0.5421199956247537536669019385649649355025,125.734631976238746964362465706282026629,254.186032684035806197914167284959313189,0.4384356100875343475703370440690442458426,218.430648298488161590038892779812136639,417.745511321012607855645944230240647677,0.3381767175609209981582599698395251635056,276.892739356923267812029841941744624359,940.478431686667406723643763366460140185,0.3206952115689611751129348629912518028688,591.1495820665691829518810324372152488,311.61901608722647611824740477019368524,0.4990359144071789001689117604284990257236,304.797798053918734694496763293047352675,316.364326991339471347754370409589123968,0.4301196262435021941086290178582262497662,266.706031921292410973840514192173853917
2019,765.008659960720223502412097138904411713,0.5543368258034669925756761533995885713496,831.182045658587382216306702745000394763,2878.969455725617452985599722983472064119,0.335217604265383052964863036561512135936,1891.559237655048324424400868992517407804,2303.873468482358367360705214055148489479,0.3283992913318524764764970070939443364313,1482.917212161012361712939443775793332892,473.511006356913394609590019414962459385,0.6701344727993515798793534360001557323607,621.939455274973921645449625786034333583,3170.467109329424281878421800707414016449,0.3374243604968791772421643525043371684198,2096.793960210065408226937753382966278766,291.497653603806828892822077723941952327,0.4801507685872031496401904911956221257102,274.327131941698947573810861139613538385,575.095987243259085624894508928323574635,0.4359309105726585561720299074434449256987,491.37615007584648606347087778720765954,788.955701191974813551244831379862037369,0.364106601889197837069082337126702741548,563.037399628153829730636340154383587922,1514.917767290383553809460382675286452112,0.4006574286752785841062439427316573099141,1189.647592302235892322639494728768379462,524.507784805493468279068291588453810196,0.6512901066602799279320754487093530258564,669.549192975829305670372949415852553556,388.870630069406005950347499861334172349,0.6313044128474074877468405615790729020512,481.171659787552812464341978109792984382
2021,803.570756813840930718891494320706540052,0.742926747030365352612207568722749913795,1170.108648402133847763340445682054239215,1620.024986206122949190925196661048582526,0.3933938127031848087121356409072471435145,1249.123299756180126123980925412003060382,1426.352127178055417388179248498294275086,0.3900875461954153430585018232429253003481,1090.548314550937320828340824128444870014,494.308113429802976235460873931169745125,0.7528258796085728986482972217544809943427,729.370762969273477521381936189192627446,1929.287629590160903674355817050585377456,0.4265183069585146232109287800833954077441,1612.837927081250564159679478809174106772,309.262643384037954483430620389536794927,0.7417370372244522059972896261946045730396,449.607451382642150068594957306780916606,193.672859028067531802745948162754307447,0.6312815846439262920112204355707091266688,239.633734325526107108623835194373565317,490.309283809796918909496123087216064513,0.5516107598520979302332562621896586315128,530.101358145525631328653304372627116218,936.042843368258498478683125411078210564,0.4053465566520749712322436384147312105305,743.666617138756619185637479638300290379,404.222295258464090185071627204046316247,0.5492074322417995168976912713625526848237,435.123702114223686097162977086508693821,345.629950425346463310528983353054917157,0.6809968766535945114275397058838981972486,461.33091676649139657759197536232275533
