"SURVEY_YEAR","NUM_MALE_LE112","CV_NUM_MALE_LE112","CI_NUM_MALE_LE112","NUM_MALE_113TO124","CV_NUM_MALE_113TO124","CI_NUM_MALE_113TO124","NUM_MALE_GE113","CV_NUM_MALE_GE113","CI_NUM_MALE_GE113","NUM_MALE_GE120","CV_NUM_MALE_GE120","CI_NUM_MALE_GE120","NUM_MALE_GE125","CV_NUM_MALE_GE125","CI_NUM_MALE_GE125","NUM_MALE_GE125_NEW","CV_NUM_MALE_GE125_NEW","CI_NUM_MALE_GE125_NEW","NUM_MALE_GE125_OLD","CV_NUM_MALE_GE125_OLD","CI_NUM_MALE_GE125_OLD","NUM_IMMATURE_FEMALE","CV_NUM_IMMATURE_FEMALE","CI_NUM_IMMATURE_FEMALE","NUM_MATURE_FEMALE","CV_NUM_MATURE_FEMALE","CI_NUM_MATURE_FEMALE"
1975,244793807.131868846229464887667784336415,0.1679662443500705151745433051860954960842,80589508.99122721327289708284228331201128,59345024.59064234556116386015015045888898,0.1991266017938606700588063000791107731368,23161659.23701110702231350649204778450705,292863162.094155216989406623285503252711,0.326505894349966188196469915513296513358,187418235.376954080966327330412129114481,263581271.907423107322837005173110676079,0.3507586268949468654275620730188988851059,181208673.81856386835216747975823308346,233518137.503512871428242763135352793822,0.3693049399502394783183538534063699210786,169029227.426132109398358109905591829425,223068489.293144863467895868763825855356,0.3859862267349843309717133241699748758741,168758674.3920391062550924948107932029,10449648.21036800796034689437152693846607,0.2948545579999136859170713675810716698496,6039007.75247239018326526624093068798294,98726976.0482918866227290919950165475101,0.2521474769719054574475051956885224344234,48791765.52249937867797370651791580522284,153676015.492684935604725504207251992324,0.186227495892526887885555358947125917515,56092651.10613000917519592077002068334302
1976,229846516.829772320865390151857134080762,0.2144472802422465782640573963724572503007,96608322.39830492173531739689520570337013,36040451.24833542963250481294479746877769,0.143499156483022852232035712924301754465,10136677.7326711385451303865096792951035,153869500.297940390656508656998216457761,0.1473555263135590951215297723560331343281,44440101.55201439475363654763184579768548,133880649.141884937122819676639207360913,0.1553101276468912713334768030093236136107,40754320.58704263531118338206748897695977,117829049.049604961024003844053418988984,0.1638119365979667678665223180547301852433,37831537.23613270447018863554420424970149,105649880.888337100791859126959606489886,0.1584370225340587303361241207109173131957,32808151.01569112861676955582931189584152,12179168.16126786023214471709381249909757,0.3771001318066539669114355536821959947395,9001821.2010626465199752888102399252974,147038080.435905917294633185105902947683,0.332735565100570878105633677454137673567,95892605.61888292706286664067568493046697,152711332.649917177247422390251009941056,0.196776935497257925390728144352663532465,58898133.38692397917551136653513298755251
1977,250619564.939208536693280357214383298087,0.3105245577391210944154730258734630951366,152534117.944496593017909441691154660939,32880305.60322938420617678038671802415908,0.1307891296560575769788627101340392232314,8428757.64323626616894636390162970516085,130513592.857836200405820509500913025354,0.1207670799623416990266358771201163111786,30893021.18947623324548650198505705362582,112929623.498136597246405642310949371871,0.1283429463332112675264452345516852614022,28407692.39178015480071033505080358598528,97633287.2546068161996437291141950011948,0.1317913195899833015601331373398748638288,25219750.73585735936836748510397204697433,81888134.82597330804744483595788732854269,0.1429395469628531723493238066611147349042,22941903.67156902154853980970371703074078,15745152.42863350815219889315630767265214,0.1799098876307811956804091198308707091028,5552108.86416335313871166998969885337,274612638.835503134613940047777801579636,0.5946461403090706423766232191560545892978,320062797.696696647745588506864796875716,192106340.577545924826715790454219007982,0.3059498156893790493853932380285272854678,115198803.005224060393865904069854543543
1978,198599882.665450603678432259471492857334,0.1620417479646438649419222606089556333898,63075685.38005826987719384604800303957162,26479622.93722865924263407254629014151535,0.1717176212056403101284882170337719392887,8912155.00795830251928135590421570295723,93434350.96101345132227113399063871771394,0.1293178285561752031606565588645657650393,23682145.66251432901014292455941131646984,79562157.28944137224053466999086925891221,0.1313518395487383556415650823624944400061,20483246.00813100630201154147769685609726,66954728.0237847920796370614443485761985,0.1370589917115353829159578506527327490941,17986425.12598965026619405142818764988614,48080493.28978384599837490822341104041031,0.1649985725546431080155426128380795489055,15549097.01065336478266921821848606967761,18874234.73400094608126215322093753578809,0.1759216843503150434838170104859927475476,6507958.84384818703339733331950096014908,153198693.763636477209215617032115122682,0.2711009011018080167328768759301784695812,81403315.6968058989646139040232034690365,136811051.147419173000181035796814405539,0.2279701148521502685506710147569464170808,61130108.84451628515519526463810884570368
1979,159777308.319271112878819538851150449117,0.2549694718138464385374688066860564090671,79847138.38360519025843014082643013690089,11941761.94670624249439399900571546710525,0.1725135229483476835280447624107884184553,4037826.23032815244413253911348971543132,37042722.84199616127830892853062320810082,0.1379574315117964384218275058355476920713,10016225.04299088016592346719062601561224,30872372.48158845089188990573168192331945,0.1434192417868879543991667880665102908062,8678276.81680472825630310026717668449428,25100960.89528991878391492952490774099553,0.145414660104400880611734688966114669641,7154093.48588958546359679018285737151702,16443141.93046512259077354139658830594766,0.1775883992943002197746602285594257193895,5723418.05940856983110580277620821966922,8657818.96482479619314138812831943504791,0.2101339020920072397262122927807147364724,3565830.51406224170302776229688953148471,56681910.16773930524104307715200192105216,0.2293104654123007194968593972676822967149,25475600.19400414003930295032888074516979,131371006.772853393989333168245161763421,0.3152542001086291433891537177250171635993,81173912.84897674880774371157729236110566
1980,556607171.380372483466332234687567725109,0.189973053181428317126884208585168222377,207251112.988823459236551233984378992119,36304941.99981331236387191315716719169227,0.1904907830823344011882127501972031269138,13554883.38935421199606013299515948383821,90503895.51221976831791868083431009106667,0.2021718374435025043805051667230792618905,35862784.14894045241584173686153653760114,66829524.98221197078792874748639646550478,0.227158276778569340348380031612224793694,29754524.27646365741861144295438862116405,54198953.51240645595404676767714289937458,0.2379100811813757012158871686261823218597,25273175.76296116617328317345397748443296,39165196.44939027979728404329984066665338,0.2713246432284171075426871349242297298615,20827906.58905930480103894445429216060334,15033757.06301617615676272437730223272108,0.4601202439387349833033892937823696066757,13557978.4956153386245676167776157871933,174778431.078224427807973763699200931735,0.2239276892481357274604942671875970023091,76709951.19545224106547651782207327347894,430876550.087729603697289356131581690976,0.310603196992557418956156113392819343736,262310002.574090319002562561647845024865
1981,217024963.760375240422535257523732843085,0.1699397742801010558746413556177660633413,72287099.77498714882555484596162909165604,22463041.72040130006287805933964144511905,0.1325510525014786271002476296147672735055,5835899.65195068231557137963051999754893,51273754.14795794917367672438938862205049,0.1389944894134445874810093449008735433075,13968467.78508756727552913589536505260992,36673282.01635573588121683041308437993016,0.1493251365844354510803236025366712995683,10733435.97834000758122843142093140630611,28810712.4275566491107986650497471769314,0.1639878288373874103644992856536481564371,9260228.10937656620600768856387045600221,11810618.77752430339892224518807483781423,0.2060383941686046316597288680069496442748,4769544.21703500456200366058201685198719,17000093.65003234571187641986167233911715,0.2243237488201511120771332423708306248337,7474508.48622304757466620081791761832602,26406963.13254248640739249772875783158922,0.2429692853145436137387947791156767682924,12575518.68089704554156268738814606960493,303818892.469405301597336476971447865934,0.2885886349116389604157476144481424208188,171850211.698698936048979392818846366042
1982,136078542.403776330558371610665070537968,0.1471952895951613486703610002913387557446,39259036.09535014896045384039804137943421,27857951.56218244803597320160416542023954,0.1468712287977596714200806977593466057998,8019401.89234336138403462099198178626583,54002011.31969221068404580052148398005051,0.1483514791981909728910815484328502894157,15702105.38754943318491427634317554860275,35730281.95888116995090669851765148811457,0.146524787402755511196699597917136876838,10261329.0570165253554008541618582473025,26144059.75750976264807259891731855981144,0.1613751277826350332213802358640616873708,8269241.92888496908674863131156247335189,11557303.79675833174988092532815286456863,0.2676136736006535222063639854539712883266,6062069.35089978465591325323500626626391,14586755.96075143089819167358916569524277,0.1764945320737131474600212270901528409685,5045986.02882188892129759010164936702806,30187422.2932621814555408678454184960119,0.1691549655961167416676246273221894489183,10008450.66372633523920986880598570350808,464233052.342957863652002971019074718302,0.2926107494147181916277294898166721726831,266245579.444343794747484275668507701317
1983,160744939.28566539329563579108257300644,0.2005177609440279144477031430418869539821,63175142.00494485574745737407029393178361,17976190.48644297151049856235270040770432,0.1588675207490830546600157244173808430569,5597432.31758511844463560826739994067063,35685915.27480553702408714852174979114394,0.1524622644139699977754679193345940336176,10663880.68294458789865567064407489774454,24121768.8188087516500395198459870870943,0.1631659963980791699934216612683453306216,7714270.79064189252505346039805787245419,17709724.78836256551358858616904938343959,0.1658448230355685446020356909432944681977,5756649.70012783809596524216698022973731,10273553.84438479878631943853469535999495,0.229661885595569879258365801616257767891,4624509.74543129640344216141083612260783,7436170.94397776672726914763435402344465,0.1963128833688110982321282642774119269156,2861239.67210187252337904782774388956928,126639762.674964885680803299291416726622,0.2653641702064306358814022707190621021753,65867084.85326747227320048850557014522698,128209854.49178810438908636943007433297,0.1962622829701634250086990851520616177722,49319007.13398835855569373798157007494307
1984,105020718.901140086496214941719706273695,0.1630438383132643729327962326160720096511,33561042.97963813298184345490605714090492,14281660.70830500860489137688114716947997,0.156475935913048530401663333849148545473,4380083.00242029010377112063960704361875,28466251.13741209368031060831053164331015,0.1460567107786841067428838512563508372116,8149066.53828755588656810177654331930602,20100822.67396104479303757242009415421829,0.1511608216995672963594719858336880390485,5955375.46957716025009257238355360033458,14184590.42910708507541923142938447383026,0.1658058025815742188264349860208569771136,4609699.30476247230666627095922521802585,5718583.94060082761071720718776552318869,0.2075738993213943346350465012296351394343,2326576.38360854859403788070500955136812,8466006.48850625746470202424161895064161,0.2253291767527207385258450033937051806358,3738971.01397908195864603682784751574525,78524434.61736279368765022669484431141734,0.1967320956714810834826162463897346616356,30278622.10403627729934363056143277951528,86430286.57248520545675010947911158935629,0.2306203920234502562663098205538783015072,39067869.68120954625722598309062254658009
1985,44243635.22486648504627101279723947079205,0.1265574144304573467758611026495054279873,10974745.75496428099974793995422956445178,5370120.38446072880286813153159641324944,0.1385283940454527119405769512472524158088,1458071.73927258395002187827361046579012,13231315.12867933319775493117601147158792,0.1578458726648253114229200986973387823443,4093476.62665980172555692643807386771686,10429625.59932675933274538353875326043736,0.174655133407063496676251879884015172045,3570311.79485483386532324262951354396427,7861194.74421860439488679964441505833844,0.1933841675014092275902166697270277769965,2979651.97830725018442758251282889115472,5196833.11456092943124659570153977410576,0.2380667248842086085260003032608439682465,2424898.35713251062031724722481729466227,2664361.62965767496364020394287528423268,0.2118652446138512407292005130603553554463,1106391.83167807796413148425744488952753,26419816.1957189485524150900279111390828,0.1684997792936589804152323080087195650843,8725397.06799705253341448205568840732276,29343788.62767289995515256765076599359148,0.2554111861937366942653530052291014075813,14689674.44719194415096088347848415612924
1986,108608309.962211237796798256202392776076,0.1637717635757761246008668403534066909274,34862469.9445319044196957587217996116972,7136356.99197249447352502277278877421487,0.2105763838609920545911553610254275986355,2945386.56864892219745201780438271540244,11942493.37592890397087334238207290872193,0.194101466678295303208880658285401334359,4543388.74092470801451034424958979822979,6987774.56457808114048955951868879498517,0.2379696310979600857394048132035072552766,3259241.14524357508492155878051630975365,4806136.38395640949734831960928413450713,0.2994219256663030587650546655304717402721,2820562.7177542568176627225627269815563,1193878.40810862866105492524883228798151,0.3192304948209367819598499312309644859218,746999.8941540376698089300004367593666374,3612257.97584778083629339436045184652561,0.3625440007635987512897047215352576244576,2566820.81837398412900531657072553990305,61563706.33137819762099881827444249730931,0.1632918903853109483823153218509120670858,19703593.81251468924292816541634530244922,16940840.47313563856174217159790866192969,0.1809268008996436350937988584145536066713,6007502.05985704725722788107579295479031
1987,233332914.633289799762679682620490661974,0.1636769874134034665054181555363506063309,74854807.92186881136111893652164187268012,9609771.64780782543531066914343091118408,0.1440071363548690201604863755406460056047,2712396.36420903110118323149873038634795,25530392.58396765898812317961429710126843,0.1568573883852026289759133494018512790627,7849076.18213341953466712849494282916175,19903674.43757885810397664702457439572424,0.1745347188319387092010803100275732760282,6808809.15450313277091904529705148962489,15920620.9361598335528125104708661900843,0.1868867566999234326998969160316377445386,5831692.29435930769121040683281392683076,10965093.90251796484510737182904188355333,0.2140958514062405676415779798660957714789,4601258.98502556296710676105820854348848,4955527.03364186870770513864182430653094,0.2767361642443272630526668863072416929548,2687892.14447427530402734533878734808952,198004663.028121359872214226527331270946,0.226644114144764909082738895805990739364,87958119.2391408494785174742764184065536,26348846.05970635421417133165342898955559,0.1470192091569191192232790233377815075573,7592621.55939504806275713885742687319142
1988,351549689.082287709698362607474503561191,0.147729566238792226425686428929842200293,101791194.83583692380833720364113246665,38242690.14190322357197266291648011252672,0.250604722663600734844708764797041776214,18784245.56356648334253652870465311617214,73767897.44517153790752344564258946145037,0.3048054653945105678034964922637322770414,44070322.29142207393792776373629300898806,47392060.97264934682370535876531630851688,0.3404680986434432287372598087420354072598,31625550.38469802557101720882222915638457,35525207.30326831433555078272610934892368,0.3738122818954235903519068729199715822215,26028327.26141168417623964830540527625642,30769252.84638837612985122450965964088635,0.4307746599204027814598071319298764198116,25979044.2845793625038264461132746402106,4755954.45687993820569955821644970803735,0.1979083498602360884003148770547414997367,1844836.47320022608341258945584369129901,186190558.731677444726424674742374314583,0.1726111105443110647147239037279848284869,62991575.86645960963215056599876103686941,122528961.551865827853779717184714698763,0.213855770635257023408416531711153347262,51358909.97571160810027541214633158038072
1989,415465244.536136497932229006806507911645,0.1715494498551799236204347030957554742249,139694754.902879145280907045753299261565,52482709.54296419391477060068986596262721,0.1574151871405743753159252948811994225977,16192688.06692622976744294897573430134727,124293727.783496535192947560546561135349,0.1391489220003800036700050699724152068788,33898862.93566515969767810753963470266131,92111838.71424756684631623511297187936958,0.1478334769151201680827576035343247981492,26689738.22905710012173366328513050220482,71811018.24053234127817695985669517272134,0.1569497139293432358298672151630126137747,22090608.78885974398181486697104956182718,63390955.50552976297605303680673123874614,0.173326314795887010462014610632538243615,21535148.58996049626305684007810705805445,8420062.7350025783021239230499639339753,0.2690934107451161608130961323297932056562,4440935.46409740214712130871397121494583,285071689.091903199495826757923574909189,0.2248414678369745994170827568071351306795,125628036.5478107849197850907307553339,101060042.76085093781092655705018121903,0.1510586620606068612913467689383790665689,29921349.90059404685610175166428204203843
1990,315252351.493256305078506899333421511742,0.1166857722420972035620603979601302898464,72099509.60685024783107500282703523488548,36629565.95394206074557611400579502984552,0.164400205689239037455153075815168943407,11802940.02718581936537286627898980648418,115783037.552364805808109719699206785288,0.1602517725899200149031839266834751877591,36366696.52707899895284035305396599461067,95202679.08633557256159133918292981743699,0.1667926192663702836185232196042158447043,31123044.24373177970417031494934051627019,79153471.5984227450625336056934117554425,0.1707445898068303618738280762923304459592,26489452.99812420602306738105983057816447,65577068.95331833457988225818797835700844,0.1976031978463588671784440355057879598369,25398147.5199110857092706647564008645889,13576402.64510441048265134750543339843428,0.1704570058912324522792539524088012999534,4535818.17349028043755300133505006777065,173755114.90240597818247427572563029773,0.1747813039961017678003299614272468837694,59523525.29492462316790261590365037283887,209010225.935390330526410237332706070404,0.2514407807562193436580053019271929089579,103005241.014647566365913720445419982187
1991,302467113.461698592186887693955483047473,0.1295139226764068270175230426317253347125,76780456.59626742782156695194166472464893,53008299.1169748996309189218347402676755,0.2561634665621475569736538336356867244053,26614427.73040033052189310901066118434522,139117273.84514002646334422115829192298,0.2358741862628542737436449373675890161486,64315780.57612496500844686609059382786656,108734316.341648977119689873748558475711,0.2386948776939958174980220647930200856252,50870475.70700790052752796445118218423597,86108974.72816512683242529932355165530518,0.2276798009577444096775810467548848390124,38426337.48449679604177298069956497113047,56370611.63990489155008455398607942385067,0.3320564494772587642747779545349692020196,36687721.30577617673951018702972736168647,29738363.08826023528234074533747223145448,0.1659355911793958872368182837168373420634,9671919.60512565517574417725700147237163,125919724.046837203347327825216600588213,0.2203378372822557702516304502347739443781,54379964.14861078696368863455830389699871,255086836.853134325086967445564851658942,0.2287208542443170073126237670404154469021,114353611.293798031670995962180771823127
1992,167364189.520692278404062894178866383069,0.1397710254757361756102744482566545522898,45849622.21855633112086476031572690592083,45275101.56654837244438211665615352398349,0.2732580593445857666676531782939103817104,24248701.3257798854093307228499144800152,138057307.176047925361205532329804704637,0.252924050606780816294779765782624184885,68439306.15978803444758285189399048612608,114285544.686604230763829164835121014317,0.2622152543518959209609730237255970813481,58736129.81073607570377297829694432877872,92782205.60949955291682341567365118065408,0.2633902102253163659321161325931169985547,47898332.29568304467238345991603120049983,62713044.93802518607295602052825503888389,0.3654554763363519054813053992586964728348,44920898.39224491259785162848630596913733,30069160.6714743668438673951453961417703,0.2965264580011520706591637939508837874005,17475951.34960048137408945340589301933371,53768997.84576226734458442572831848645165,0.1822390891569309563243598827227260153056,19205673.85689368879341929030052818545726,150903045.30607702338984197362589437323,0.1653679241823795473804974244205694020427,48910865.77592844084494372227878668269716
1993,95548714.31048094019875114186034800875532,0.1133905018413729971679727849562423700472,21235260.66528828653028457862165610674283,27505914.0574595100321446758956005005815,0.1783936751218028868762817246733318700522,9617486.94873753927753812465454672089091,79807852.78108224098496905006223967513467,0.1663530683672746560662182266821326158488,26021511.13227605906625179038107609369907,65840631.37453130748649033847901110519679,0.1751877131074101833648826839308220841914,22607560.49450219536874190966310281568222,52301938.72362273095282437416663917455338,0.171743812858944171652356052555637316616,17605767.37756726228506720800623723766182,32206609.17543460078400231414588870967144,0.2501711211486893247725919778903643553634,15792040.51059963187518968879940075863014,20095329.54818813016882206002075046488193,0.2129775246607094173085667763264393733338,8388512.94705206744686675944421189598601,29364736.42039323013070753748574052761189,0.1838761439159435980778604606359347188232,10582970.02017635302516775685607305578573,67473730.69517079075690343202268419383222,0.1484334792794649775748213751865068232172,19630106.7898176738694135763425867282713
1994,65403824.69188327780129514959029172287843,0.1268812114656775770491105534398092542887,16265092.36233409566986393108495341902499,17072136.49166214810921077584068038821407,0.1307197127868755550448372187739507819384,4374062.96654289002843788990186893947893,53563553.39918651565049416729763509766944,0.1371762865184753316899140113582440753535,14401392.7221475469965646549606097971171,43979936.05635775670430597638231783522671,0.1479638302812261288612368142855406604107,12754581.99706730952586816250039749568825,36491416.90752436754128339145695470945555,0.1563457827900843997748120715781688032122,11182347.11739138757715792839493848715166,12282454.66146668243002832299360493655815,0.2072799208880066307690366563168753373457,4989976.21185711070859774139711097188061,24208962.24605768511125506846334977289748,0.2036845770284651121556143068226750233134,9664744.78135722705658089196594394101095,36975599.44039340548030981999897917436445,0.3371694103587801679650374387262670605104,24435400.47952057748417747318024337673717,56163017.76008485625973523886928600334971,0.2107809674493316101798831452683049923405,23202666.62795557124607926661838275216655
1995,47994333.0763408406441445094872579865988,0.1331025105348870898088949653593548323478,12520805.79886073183746604916410193930222,13892551.57561896896150133520931471662334,0.2034458642606964640115881943688796019566,5539709.03769267903216763836122593110818,40389058.17771529208176601471016002603093,0.1911971116950214618457035762796986874207,15135651.68461624734025130981032937866497,33487214.56623336276396487012763287510292,0.1980849924940774134116272477581579592958,13001296.70615979515741653931908969141347,26496506.60209632312026467950084530940733,0.2084032210095138863219698230019125900064,10823036.34989837873083272992505871103542,1938768.34413506061724030231173817139056,0.2213663955773736051430640233007066150593,841189.193993355203457519487918860175076,24557738.25796126250302437718910713801693,0.2217163921892434707161186257899078272274,10671912.12869053891686770233918249373453,26261322.63859868451081572253297373901697,0.1950070731213332989721414463129088174065,10037441.58153435283046644024911595007827,73317050.00997208314225849096944848132759,0.2212976849991655698393098921301625376183,31800791.13882274707412884072427074498743
1996,58320400.69165411706647601014420170255411,0.1373804531733157983556318393908362307524,15703682.82948685334727568871723303889953,9321246.15178123952876250310930248493962,0.2616786608672254050154259554052928934534,4780775.57279930997081503586931741562759,32088917.27402568351141370645856436558048,0.2630469254030917593777737216860289928084,16544146.41575536841686223372138746778216,27286788.73122760801737671010400779815376,0.2741934726533280699326356055944876750589,14664444.34515507545470527749367207883715,22767671.12224444398265120334926188064092,0.2881492228670888221911247721083136377593,12858554.011121665267096875467139591462,456033.7865539603158383510713885986566579,0.2603088714219063943984807562733495797072,232670.8950039151235669626203501158750625,22311637.33569048366681285227787328198428,0.2936631834158599266096513174668751482623,12842128.63654928469067966193838735091347,33181831.87662745754605379665688034595204,0.1762870881548042653160436469677683417671,11465075.90149892095999291257086037361479,55109124.62012556407255416672424333127509,0.2796324664617014763095174709030260533377,30204188.86645913825671348839987788769311
1997,64125334.75889054060734794305330781373224,0.1982222022757545032894142632263332176399,24913687.55205145286689383008344165611413,5091729.90612394793011527558358152655896,0.1387930846532759728116527772942024063045,1385125.92378886493329910933443950778356,12046071.30558904875357845552263258901031,0.1284314578578782058265704725370180563075,3032305.21850404139458501168165888832739,8676998.44855225268756235939762585134127,0.1433381808038049465620109334447764598271,2437740.53800771890640928526047803413888,6954341.39946510082346317993905106245132,0.1611749112198968611914076702763786078983,2196896.10099721619971814187735319667608,674259.8927575900350288526137620349390309,0.2562733756351911212800393375864269531335,338677.9231939227228178073432456619752826,6280081.50670751078843432732528902751228,0.1767112219024584177328989589705360158216,2175131.31832674002850073373617991013129,57318529.49399529617544315917557069288555,0.2885722325922911784693384760463412718611,32419450.6089790526900743422166310361058,20099258.41197158277754072919033179176133,0.1896529302597930844676000709838318797992,7471291.17760324393415696062494039872162
1998,77484723.45954061533871942672728344890929,0.1301646119284486963105674391012012059353,19768107.16060876707195033034042496750359,5651106.51644381968864959646949049114335,0.1267983170219902488739015573639501285115,1404439.55937027366455224821551684743124,11741698.14447965810711137266135099029587,0.1202801632299622166426534044105284724808,2768095.0040533172091317559886425350468,8428729.09244835155432711706043472709643,0.1237155607858617216651785080068282817811,2043819.29491333607373612606470373075076,6090591.62803583841846177619186049915252,0.1312366752466734206640997510660750415256,1566645.6312753486798385448765225444072,2013614.85668765325785748329556991081669,0.2232215254887675346844560279821473501603,880985.0729110613972668729764996237302065,4076976.77134818516060429289629058833585,0.1502669319283023948895116861248080451404,1200764.19030795772182015000360631439369,58116693.69641247284501598203591833634126,0.1723921951177521710252697266314048537098,19636974.22264873028239901794913583853619,13301943.72236780709877316802209471883614,0.1622147152949434217847135456293344449544,4229231.18703477735306802125820621891347
1999,135951982.527671378098943811189685041185,0.1909455730450992385367989147116488968105,50880481.25231251985128254706716938991234,7492977.38276378454805500966467365661284,0.218603440384182117854374254223000557866,3210461.64380233474195482338993264980549,12662415.65234475086433861635169790029438,0.1971220596128568129097435996210701123955,4892241.24800597541056363078060280856015,7582188.23557212882549731687028071932051,0.193039678042610282443744426889266073363,2868779.82467248970995545431042610558723,5169438.26958096631628360668702424368155,0.201349012751148199628660796548768499972,2040088.13243393768330940341403297683541,2409173.85286271888250031048421840623891,0.3187579746165570611478298592164764088603,1505169.0205618675423998474831022223577,2760264.41671824743378329620280583744264,0.2666191931295331808656514782720838903685,1442441.36435477811143092379080762441713,101027500.219849189535320940787739989361,0.1698997880350019237021158134804370310885,33642519.71119463559512565266230827325627,22679410.15182383978790322544573762172926,0.1965116544280912702480140389257437913738,8735266.08436077669249481527402574659249
2000,106954615.170107501592810845095798648311,0.1361785644490578348972975178722146303829,28547254.87193065989767368825508145416757,9621980.21320791290830947141920360947724,0.218986773058882372792998154265945248442,4129889.3387605629894823245953064550536,20080691.50545702799937756165917521766521,0.256734128955745962372847511818716340332,10104581.73126581201965866538039224321299,13845694.23665807878427728658362459951306,0.2768277552817833982762507035443709855379,7512430.01346988359488948492390328187974,10458711.29224911509106809023997160818797,0.3205126148002051178289179486275380426752,6570211.85128962439319672221814701253256,5993681.27618671412994351854477471492875,0.4899382005437065719527175148057358269532,5755605.50141135395019185156554417272707,4465030.01606240096112457169519689325925,0.350482342776720199457108234999780354735,3067231.79397193674684567004047920940714,73578680.69034496369339828476095711490107,0.1598939456191468753008710818353454102662,23058979.71529995619225341896113108583324,22259119.02412242976012087056370809617296,0.2704098896769055842369528945204073581146,11797408.40245139078207737275156951890739
2001,267150415.414572637940072187809583346129,0.1702905497001892475645270196932721084612,89166654.54341971152291217362432836385495,8236016.44520551802769448531130110151095,0.1250329148323330426354504648854071240876,2018355.35979210871483475203600579261171,20412413.85443656084094435237970696016946,0.1542896169432320319706225145546745519058,6172870.08839596935307663361194448459927,15143259.68325957381133104604389596724453,0.1757465405886616918319612360798367506885,5216295.98503450085306013441403587234314,12176397.40923104281324986706840585865849,0.1975454092808575663941704839190903678916,4714567.16315492334081594262178223884336,5770125.94242877388697415523356909716004,0.302425831234193182012807523326851738536,3420268.86355140834205655458479767000891,6406271.46680226892627571183483676149839,0.1744780494436462676403576815159515714952,2190797.34947892729046460814521051713204,239460820.493019210816286294181739180438,0.1890753539413689625857634590065743512348,88741233.20402412195710714210592003789344,28165468.57593667571649654140379344821068,0.2158767223463061018719120366361313443109,11917327.31746133887583816714978180657475
2002,179097092.197440679817274554033445347696,0.159420491977538737506483022100207152933,55961423.23773071073451962382578058266261,6915639.96550900362023715272997336478243,0.1454961351240468987384159595158043190008,1972149.81830627576891836858048540621332,17798672.96240552577854643302418876944,0.1624094528369735858700418277215101532671,5665718.56461509366601509276248683412781,13857742.40993889938034750126445255305854,0.1777764805334943254422729857240015698818,4828618.12060621571266876329842669562055,10883032.99689652215830928029421540465737,0.1987235195472925226853749662169273478824,4238920.65616548726918072407899655980928,1633003.69487979397625725179377437745459,0.3028227742109516631813480537579378505131,969240.9899932579615555849724024272308962,9250029.30201672818205202850044102720278,0.2233561501022174271605475063090908337009,4049459.82913306936395287177044261232745,148016792.629679350937617468433959749331,0.1911108896930545886184043832107120032482,55443737.02078195629972993482615194652487,29865597.23552999535914780474885080287537,0.230076895822753574226459795801767683587,13467912.4515329696917331418689569522431
2003,220170565.560008825966678897548630798768,0.1576223603309189729458946680005295128342,68019456.2691653831875549124867138257545,11738390.34627784974954238454200794390698,0.1536740240827575749082165509278934780945,3535615.93430275417046854929774924032236,24423540.50074851345218934323404403058271,0.1589672424474441055180799342171848652376,7609784.05304662032999145266902715430178,17058455.665487869923742902808842399955,0.1821801179619388532705019561005615630079,6091114.47215868520097818955344182953508,12685150.15447066370264695869203608667581,0.1998288565302066493686508972012034587903,4968323.73855242006786553053160668551043,2509963.08663133461075198477636441812103,0.2510744097036642082868903025671125713184,1235167.50069374067986073201305219196036,10175187.06783932909189497391567166855473,0.2317358822390744570443096242292340757005,4621593.66614220144653435825356307360414,137387165.612377130324276596175018204048,0.2151574684884532050538023078839016822156,57937354.52168735102866900925073560907989,60494205.89436722877197941526255269867187,0.2265106308002882628952279504475207963137,26857058.2443154492862122018068578300119
2004,240217795.187948774423477523173880191477,0.1042505891445199839854384200845079445385,49083979.47582894280414848692097679764724,15578960.10300248157601862303654833571895,0.2293575793312113854328331708644269334334,7003379.05233545077858860139512048092828,27062786.49078383816710826847493530838508,0.1794859951467567304499238342867913888842,9520486.68289538150776464715202136161598,17058320.19667241136454692988008509203454,0.1773385256196494502366339730968796268762,5929190.81232251717996461812773360656463,11483826.38778135659108964543838697266603,0.216895797016078340166369766814112637032,4881955.60725733416261415257157582672491,3580869.82806283111481057539793130442512,0.1844425837598418653528433633049956868823,1294511.1710633157630248419678285618576,7902956.55971852547627907004045566824097,0.3077727466247705569152197629776660372669,4767336.70780800356223509930106555114782,178553040.937511241096501574418618756433,0.1283204023133309068514986358626315663735,44907516.17284536772712771393005768552431,32208418.42357046271048783189587883259912,0.2167907975937139622940313911806169284388,13685677.889784707359569172548099380662
2005,297513050.92411247173737565136235983096,0.133793579030756104847151969515461862369,78018458.34733335085659988948524407380872,23965477.31602644641806678272186262236831,0.1460729825838157513934821576762618435118,6861389.1511696546291829443854979239555,52372761.80477997055306120430488146162187,0.1539175870298369536395554144493418889443,15799734.6812370779268297517543916238341,39263914.41624612957384245737703053707079,0.1678838599304834682199596167423262909017,12919883.91603192934563849123522254245,28407284.48875352413499442158301883925356,0.1869059952598824934172216435993429111033,10406603.88880215533822026277251685023957,14730819.52199130206122719816164153679771,0.2615248794549693618419203737972363020561,7550852.56753290194916980647814752320818,13676464.96676222207376722342137730245578,0.2153784293442057943999863692403393157966,5773406.46530371406671955781212742085862,255016699.613621079072395076090686761569,0.1937257585435871099632018215468362988621,96830475.00490444915066384707739316460251,76751909.34444779611225267794225148812837,0.2018831839591960299735894472898798328917,30370042.87347319473742497773210648423655
2006,395360795.995939644510859220767454135132,0.152048405882287614271448293163083297625,117823398.407888488083728550970951529872,31157895.1187412107149989236508882870169,0.1314412887969630522347045138562131883783,8027050.42559157978539532528864762995499,68021710.52764317874905940556009693807082,0.1985978333174151577528833561521202026096,26477570.08549531399411344274201531666426,49311662.21588554495125999549957299708261,0.241512515810507803526454484143303156837,23342391.85709069677055400055345347504008,36863815.40890196803406048190920865105426,0.2884044130814609345359126780829995363019,20838106.61201746832158595874182801259762,7912886.90519943563408276625967291906654,0.2709630693833438345760360183447106998668,4202436.24209157078875797554952566524029,28950928.50370253239997771564953573198763,0.3374421706596370164917453366169968119305,19147757.74752662575396823342055686166697,207260613.226320029030442592439752747058,0.1714066300547530860556108183355963757136,69630652.78216199927227821690360836560454,98340493.15372141338037888510422264523526,0.1736317557736443573195839814397500039068,33467063.68025633476500614268294949372325
2007,365327246.290538038669170568892316080479,0.1617569624433582195396464200236388780784,115824682.289197918292706456665155516992,36801620.36749098710163766052000501327701,0.2233735178459203662668387333625822746692,16112194.51167640749294411477994112125167,71203078.58669271261057063476867186173354,0.26891351107817838949376235212412483631,37529040.93015307458477079724982100299771,48088451.59921595948548442306034820678586,0.3080728440445071287090256901066291998839,29036902.25773949191870699904252822431753,34401458.21920172550893297424866684845657,0.3255061389172994319972405008158615592627,21947856.24259201242749082489260764911733,16908761.59249152826958533447222159908641,0.6064409582422626678268669318459112080714,20098164.54236743821932427134044006193726,17492696.62671019723934763977644524937011,0.229584945390665186584145159761100707199,7871477.20756631816110999648235810443473,125765310.132019724004566399844143213315,0.1793411436695593835964438668885266641598,44207593.32394515379341502849424223610604,81995190.85360629271002732846225964779929,0.1661125648929901596005777970517421270681,26696045.66470226545106018163899358948025
2008,174519572.868422639584070323181160721137,0.1218156427993147069426469449824557000056,41668059.34205634335824070885927845037211,37846763.28258642964967709900889784921813,0.2029492536159127845724285972660566515063,15054705.82555893636490993530992906341057,78281324.94570257400646327808266105738586,0.2850587352289816636932877198857522938765,43736959.94289897861122796469944508347379,55642638.40581803638310238740184570524417,0.3213362611252420258749227478633724802517,35044794.87355995582468989429688822972627,40434561.66311614435678617907376320816764,0.3704146027917346793626351998012342888424,29356002.11110209603421054269823885334464,29622069.98225544386493147537538005105184,0.4907370951228693453021215619646151705785,28491831.20625202953423378137714876563832,10812491.68086070049185470369838315711587,0.1947577802536520978988124614728326740168,4127401.08239999904218851560839013678867,62377689.63620596923468588298082669045858,0.1880564782595109480352151886967961813657,22991836.12450139089195563736410928502311,73277748.80081499227561544820509685313194,0.1850610851706845297734284940184108189617,26579285.03540955292536048773832977845835
2009,143570030.334403458421384442796265075603,0.1380925590134123332179349087158789877667,38858867.65756157646167371524799808197762,21628582.06572907699500184267630260266986,0.1698704652421860201257304919176418693415,7201152.30414703020586194535877410964175,46341867.81801417132188005769122310822932,0.1611830644695613306216874122766990858208,14640267.56557570058459718629282534681811,32198021.13113479138938713332853500547964,0.1650123647638376074943348335749924752757,10413620.35082654809906859605475038095667,24713285.75228509432687821501492050555954,0.1673672637366988476479498953775173187934,8106942.2280340786822391489416000555861,12455384.67030722600637809673694192615771,0.2189546793298672225776222729389934118,5345242.92257783479191672826276061705662,12257901.08197786832050011827797857940175,0.2001478289899576296670357412602431083917,4808648.88748178505692278327587257638621,95242170.46504853099006610775104668692321,0.2052046967619237035099730361276093909653,38306515.7900863501691172429218421681876,51320462.13530820127002117605487291210493,0.1949293782792657634004222911371510306393,19607576.92299884599436096402720594241827
2010,164899652.84915391750423677562518887888,0.1162768535156736534637491300783059478834,37581065.0470879550520971353647187604408,21164744.97156661557863303727531608683017,0.1813455095262560352912000490237725020742,7522737.66328954588415307269816993913822,49344959.16068538839900894571506715596209,0.2120211994256613633345965520362122078367,20505867.75664323290832516148703308172209,37610961.33210574977723154673474787484867,0.2322871549251716498203659527062206188373,17123624.67559755763589728994728105384365,28180214.18911877282037590843975106913207,0.2429846663650615204875880744829056911469,13420825.48796443546776366145009742590722,16062012.15964030576579561598921331800675,0.3647465557468787856679890213703959027763,11482784.68264284390061853778833137532523,12118202.02947846705458029245053775112523,0.1700159225322330300105628138009260867699,4038163.10304856987412671503588882468565,121305767.376154932359890882630070624552,0.1509853893207244753988673754793893574144,35898181.08771046116675424258315938733932,32514157.00031468706808122246568604217223,0.2062884652254761118023754096655882653491,13146299.26956237054193782398075830975052
2011,333397006.916386899255873680664192566816,0.1499780701959853756809774121986964983376,98004389.82461710050319968850493628033048,18495885.59270983781341059999233766903452,0.1659042306737447130231196058820949733063,6014349.51298072379778992238473552115791,47334505.99437113143713921166583848300082,0.2278431926112594985644645318923506549665,21138296.13421126527568235611223937926402,35552631.63307269554530801759225915985366,0.2452514221019620509571713543517512200778,17089893.59625742889818180401463730033319,28838620.40166129362372861167350081396624,0.2743057371665207771153775491098991615442,15504774.09516060663801858321718701621417,11884456.83910299535342727233114246363205,0.588685301546797084391792278138012543887,13712561.91377259380811767535049591384452,16954163.56255829827030133934235835033406,0.1826463989719973436482979043396986850365,6069369.16767570466970457387189249320164,246420049.961035387424848878711285158035,0.1653941417954660154295658795956629119937,79882608.06162256101086112742843797498612,32478697.95024231844340101919146680739504,0.1350054771160134569136734585772456353258,8594212.14124353088490781141778703307243
2012,402725062.822438948718554980383901327904,0.1816795786605406002817101617755792467195,143407162.670056085683180978955130857251,21556117.4077499093806085228499942323595,0.1669336722505582143979493967228873778236,7052946.00314615679851677067862816020412,40094960.11681523974410365712792914678135,0.1505262841722158317423131754525846208957,11829276.90641808608254484052973115195689,26065033.82430963183851721365317646843218,0.1446987469557364439867796150092843585147,7392292.35812352193349603028988312109685,18538842.70906533036349513427793491442185,0.1557462612450347591319464955942667999259,5659216.66190352585862420729941280012724,7279452.42077930515547578282184491615478,0.2921503171311525417614646540769011660809,4168320.89321274774862452057495481349531,11259390.2882860252080193514560899982671,0.1481962948896459290060069032437442849791,3270455.84994328451052966030613316279418,187804176.475280823563982170595526171192,0.183119920244688062828309857948230824953,67405744.20283458318189115119276280799042,78017092.56286172957078554243875810552612,0.2407769096809907978512673368365037767356,36818040.3211800487996993671286204642089
2013,310235526.700759832029637041366158757845,0.1346384360842419115704121653637694060588,81868467.22021230010074063016084203670055,62603179.74636988146172769604428176220686,0.3432301995588331246409207003100234790741,42115111.6796335076039991290243285595133,92936680.06067868628605798931629705534176,0.2789912527293857961404124310140468030961,50819900.75749219898540023269093756502735,52136176.19172719938349667107410030462259,0.2318241086351720490236391869470378208136,23689388.24365513619929324499614473741281,30333500.31430880482433029327201529313497,0.183483278163439942442708584929963548445,10908752.54864858610341822638209970774731,22195135.1457678312804590304034796233752,0.2427647223483365976487134679033812187196,10560863.80944642440081243032159796465753,8138365.16854097354387126286853566975971,0.1575797869117051302643352767246954352805,2513586.02417392644602061394011928814695,130376954.809792560858621927915884335922,0.151768107267044777620174129930048771448,38782644.77893756397921690630379941258086,108774307.115944051943333154574574917166,0.2147965170833435494756510524798285387896,45794110.94065111936734108128379978686841
2014,247518792.333587066243291480104271493016,0.1392821464992762734720211499582656804638,67570899.44245600484104371825791068839103,52024977.62529406412439739647983857203774,0.1173043126420316685259206424999563247088,11961398.31148230647199160906946262307008,98663650.58977771803572314494294604015666,0.1092108360563658771440619303992460243891,21119273.94779425046322006692821687071349,65409563.61795834800505768250701313956701,0.1143387020140757824383404137973567128935,14658535.42263356548815807593327222421272,46638672.96448365391132574846310746811875,0.1283497117614133187913718957755724517913,11732678.05457554213892499474513643606789,28711448.60495331546509641791034059790474,0.1744355565991916656435629517540932621217,9816263.13562126863368448156364179482025,17927224.359530338446229330552766870214,0.1437230003457265708938773034506398394753,5050046.76673248540650713442104818665325,105504985.71915016971743271532762762409,0.2520332994155002340355353735549564389644,52117908.52494199597669366874813748911556,88355092.60771124685289909944637465230789,0.2785360063663871559611160948601978443115,48235746.28868500572601760444792751968656
2015,123970107.047752563206628049629145271409,0.0962896822073848776164588235982362480115,23396602.73325341406393521678062904832105,37549321.53647522961731945874992490349063,0.1040232010083732207306292308399773956299,7655761.21895692878304715026035179274671,81309109.22564696881258921087526445778564,0.1017761346729973588812538075663871723243,16219640.62735415987696692878463716678154,59080268.48496946777386602903996148276992,0.1066918857275893848565082484022579369715,12354635.09774917926121853969596598931421,43759787.68917173919526975212533955429506,0.1130952985732066480869889290299037503609,9700091.45824574046196042765049406840173,22784997.96851742759816168014826764640739,0.1672363892976477979222349077108086072651,7468542.349201825702311528786889216253,20974789.72065431159710807197707190788761,0.1610716067361118461793501699270488553474,6621748.43926543014755964274031691509007,50787627.43888751208450207901566920543645,0.1407386790935306312563648368073939909923,14009655.85608502584809350412433895737575,73040651.87916185138901290294223143668803,0.2708028178513183155756558092160876875359,38768044.11928546665553612759345448519292
2016,115845898.91148667666444383328994231662,0.1345584505485491282028551109980741492981,30552567.5334696624723260281128333999027,37130396.32082793304223755106150306354193,0.1056554608374280919395762963501639070977,7689137.10333270278906249499566731487155,75684600.6964494483925214911881888208725,0.0929151301327138081273930247666387098121,13783199.26459604191725889297765508617561,54543375.55002550559195135195419386465434,0.0962018518376569739842076603788181631265,10284460.51744290187257930161685066166793,38554204.37562151535028394012668575733059,0.1023017722373059733389571411765981255797,7730560.33225774012995737603292739041989,10928986.9729025549199792647406127842142,0.1359332940451365133857066929918609105062,2911801.87161393762024330349332205359383,27625217.40271896043030467538607297311631,0.1231251271903494719558532099438885621332,6666662.4764868222793823796853394880578,43557327.74718566502160197867920209942877,0.2279887457308964836415695768874870986373,19463937.82012205208551333790584893411224,50291770.52518935335779246373121650935977,0.2812475171684446839345525475015432745101,27723093.76466075903558504648225957486001
2017,131009072.40131689097264181371796354007,0.1441815189850269424957616428346569539296,37022610.63689683150965603843876753901918,28771120.27993361027372812643912182637304,0.105729869378951734640714050564681888276,5962254.90660364016592856208466747794513,61533321.46762310186309606558403803302933,0.1160944845031012807664041279354460993103,14001611.30167274633259735295694970557896,44948313.27789331290362408394734857591513,0.1263676238151290241356602506100416794718,11132822.62511376663043946708438797532506,32762201.18768949158936793914491620665664,0.1401536662924551247284693550014810002571,8999815.52004079150327599997991416059125,3284462.87161627972590844427829754183556,0.49245781150552778981022569951636291648,3170220.41954553622789349576209582382166,29477738.31607321186345949486661866482125,0.1426001633525557939140581795941075642117,8238919.38630642861429472672478770480594,106462431.54120602941326706122325762948,0.2209080620080135810006714546421279987547,46096082.47972013914140408655779364007709,45763398.68572072170664005995723392722217,0.242849913316635848171226085567843554334,21782729.31164777136693957166540237897793
2018,223403292.83868233446690302673384452057,0.1409626981873794978852057780699879236146,61723400.64727243744003757493770707916859,22356496.25596878737049687444164182258334,0.1047998532168946378952274416808882879142,4592196.75109638356015894680748676149498,48850919.24308081237016308114338720657046,0.1124062253030753433677116021869204748674,10762648.97201215799930126783117234595046,35483313.06560655788402252575210817216757,0.1203687662596786565246133439872244235729,8371321.92836547506065561236676668441513,26494422.98711202499966620670174538398695,0.1286099169631026082027064725049687590789,6678593.25910127721904019498164126450741,1570983.03136581662370475736718507802515,0.1740373979480450683178111999607873331294,535883.2060389000387218151608306103177443,24923439.95574620837596144933456030596173,0.133317498964168547842433149695843621942,6512552.13374807578075785477410280826372,201267275.676405784317939130613864090946,0.1634622574965099822026077060965411957738,64483222.35478589712838921699601513042777,33794521.86448084704510862501355709420557,0.200634204126974941765059649597228902098,13289460.51633826540908875888938532014749
2019,185308089.18922613832399375799691846455,0.1400265491307193126026049188678533975919,50858182.42014278473050173561100262144115,9591415.85146727279708218514874853503576,0.1216819730492904736784212747940694852988,2287520.71407984513370970907769254528611,22625645.2945455463781194402126675434668,0.1135130513969372726699295641607730340043,5033879.83292889630437468443608413836267,16960627.21882012639529133790885504968395,0.1211588555702660434737188944235086436466,4027663.1598288554580792683879532573129,13034229.44307827358103725506391900843103,0.1264850641272467207265364488942693977869,3231325.28003572537968253291915232935564,760582.1797700930289045822862573622035156,0.2587938415922995106912979957481229046505,385794.6089327207565999401321245157299432,12273647.26330818055213267277766164622759,0.1266731113726190031396159235456839874972,3047292.52999722407724184481852314079523,176247331.115888662097979359793237980323,0.1837082797706027090591665576020146199422,63461064.26638106392428876032223544161014,36689203.82129499837018089760995597205327,0.2414233006711081769392603484742872253667,17360952.22364286400097641217391184057708
2021,197743355.012116937927141691699575559045,0.1682961056479421569024643382168003109074,65227695.66994361825799718274117695435499,10548519.56853543217390252137036618160564,0.1339029329517694093858741825699432537054,2768456.30871101400508145282505303050295,16780699.96582780320885997894951890070128,0.132379204191349797131872868649819688268,4353974.78621018683513703153305359421221,10038251.49956862958336162755399718296788,0.146243706933670300377063287671659951373,2877340.97644160652557058588782234576796,6232180.39729237103495745757915271909569,0.1524663454084435089558864151744536154967,1862387.62743856630248003350312257369823,2678742.843017875237942659440968740529,0.253352029436397033384889516369598831131,1330183.2738089331052034467798246936544,3553437.5542744957970147981381839785667,0.1759788135718945697274849351886202722167,1225646.26080995935586740648876555351907,116203578.612937144442604161231917256523,0.2620242959730645301015788490270568983025,59678395.31618680699117192357331206319681,54264788.64519225815238943555487231797126,0.1685195644100156230840375274628738373307,17923569.94876714788908051430675553232031
