"SURVEY_YEAR","NUM_MALE_LE119","CV_NUM_MALE_LE119","CI_NUM_MALE_LE119","NUM_MALE_GE120","CV_NUM_MALE_GE120","CI_NUM_MALE_GE120","NUM_MALE_GE135","CV_NUM_MALE_GE135","CI_NUM_MALE_GE135","NUM_MALE_LE104","CV_NUM_MALE_LE104","CI_NUM_MALE_LE104","NUM_MALE_GE105","CV_NUM_MALE_GE105","CI_NUM_MALE_GE105","NUM_MALE_105TO119","CV_NUM_MALE_105TO119","CI_NUM_MALE_105TO119","NUM_MALE_120TO134","CV_NUM_MALE_120TO134","CI_NUM_MALE_120TO134","NUM_MALE_RECRUIT_PRIB","CV_NUM_MALE_RECRUIT_PRIB","CI_NUM_MALE_RECRUIT_PRIB","NUM_MALE_PR_PRIB","CV_NUM_MALE_PR_PRIB","CI_NUM_MALE_PR_PRIB","NUM_IMMATURE_FEMALE","CV_NUM_IMMATURE_FEMALE","CI_NUM_IMMATURE_FEMALE","NUM_MATURE_FEMALE","CV_NUM_MATURE_FEMALE","CI_NUM_MATURE_FEMALE"
1975,0,0,0,0,0,0,0,0,0,0,0,0,0,0,0,0,0,0,0,0,0,0,0,0,0,0,0,27182.7907758885666158919556271584412671,1,53278.2699207415905671482330292305448835,0,0,0
1976,0,0,0,50778.3490364518124556369842013940833198,0.999999999999999999999999999999999999998,99525.5641114455524130484890347324033066,50778.3490364518124556369842013940833198,0.999999999999999999999999999999999999998,99525.5641114455524130484890347324033066,0,0,0,50778.3490364518124556369842013940833198,0.999999999999999999999999999999999999998,99525.5641114455524130484890347324033066,0,0,0,0,0,0,0,0,0,50778.3490364518124556369842013940833198,0.999999999999999999999999999999999999998,99525.5641114455524130484890347324033066,46856.1011457624282709407719665687928305,1,91837.9582456943594110439130544748339482,50778.3490364518124556369842013940833198,0.999999999999999999999999999999999999998,99525.5641114455524130484890347324033066
1977,152317.9096307741171467099276348263964044,0.9999999999999999999999999999999999999987,298543.1028763172696075514581642597369522,76158.9548153870585733549638174131982021,1,149271.5514381586348037757290821298684763,0,0,0,76158.9548153870585733549638174131982021,1,149271.5514381586348037757290821298684763,152317.9096307741171467099276348263964044,0.9999999999999999999999999999999999999987,298543.1028763172696075514581642597369522,76158.9548153870585733549638174131982021,1,149271.5514381586348037757290821298684763,76158.9548153870585733549638174131982021,1,149271.5514381586348037757290821298684763,0,0,0,0,0,0,38079.4774076935292866774819087065991011,1,74635.7757190793174018878645410649342382,152317.9096307741171467099276348263964044,0.9999999999999999999999999999999999999987,298543.1028763172696075514581642597369522
1978,0,0,0,367139.7254070079199476085080785410795636,0.8348464132788898239763631351388502377929,600750.3545393446384317119781283285373878,367139.7254070079199476085080785410795636,0.8348464132788898239763631351388502377929,600750.3545393446384317119781283285373878,0,0,0,367139.7254070079199476085080785410795636,0.8348464132788898239763631351388502377929,600750.3545393446384317119781283285373878,0,0,0,0,0,0,152307.6289943249558267081248589331170847,0.8207313811473276425007895279656423635415,245007.1553794226887031524195553505161714,214832.0964126829641209003832196079624789,0.8608002876994233353750538517694590613013,362457.9595822511848527570012453067414229,0,0,0,60923.0515977299823306832499435732468342,0.9999999999999999999999999999999999999984,119409.1811315507653681391698894035637948
1979,0,0,0,199032.7089771752769995189259880230555535,0.4928291509505542135090854856312231030158,192254.6771141556809657752525460936733789,155519.6000072578349337937509415526918294,0.5754829508798514365621990249639801931641,175417.8015303885713270230502596948391146,0,0,0,199032.7089771752769995189259880230555535,0.4928291509505542135090854856312231030158,192254.6771141556809657752525460936733789,0,0,0,43513.108969917442065725175046470363724,1,85285.6935810381864488213430910819128992,50778.3490364518124556369842013940833197,1,99525.5641114455524130484890347324033066,104741.2509708060224781567667401586085097,0.7178439513771701462741589713714839758472,147368.231999379657408627848292601278184,0,0,0,64125.8832389860342577012667777764439536,1,125686.7311484126271450944828844418301491
1980,60923.0515977299823306832499435732468341,0.9999999999999999999999999999999999999984,119409.1811315507653681391698894035637946,391266.3178793508081435439937575191138726,0.3788305212363380817196179237718293475015,290518.3013631361370877919044052976634017,391266.3178793508081435439937575191138726,0.3788305212363380817196179237718293475015,290518.3013631361370877919044052976634017,60923.0515977299823306832499435732468341,0.9999999999999999999999999999999999999984,119409.1811315507653681391698894035637946,391266.3178793508081435439937575191138726,0.3788305212363380817196179237718293475015,290518.3013631361370877919044052976634017,0,0,0,0,0,0,0,0,0,391266.3178793508081435439937575191138726,0.3788305212363380817196179237718293475015,290518.3013631361370877919044052976634017,0,0,0,134331.9595736544633172970293160505748343,0.7043140669581826192980499102623950487464,185439.3019887741908188435166357899237463
1981,0,0,0,83002.7817638952258396989372871862510892,0.5714902776158917281597306753025125769814,92973.1542745539255168055241145781306983,83002.7817638952258396989372871862510892,0.5714902776158917281597306753025125769814,92973.1542745539255168055241145781306983,0,0,0,83002.7817638952258396989372871862510892,0.5714902776158917281597306753025125769814,92973.1542745539255168055241145781306983,0,0,0,0,0,0,17174.3263849450422343148179207488271306,1,33661.679714492282779257043124667701176,65828.4553789501836053841193664374239586,0.5702622197412962765145399285119196132653,73577.3829296203726505908306812486727748,0,0,0,19306.7319077111787356191804138650591156,1,37841.1945391139103218135936111755158666
1982,20219.8562347307880703055738219562649737,1,39630.9182200723446177989246910342793485,331946.6233817162064996482005886891034937,0.686520067841972874172041844016997063952,446660.5160717020732742031527391265505669,331946.6233817162064996482005886891034937,0.686520067841972874172041844016997063952,446660.5160717020732742031527391265505669,0,0,0,352166.4796164469945699537744106453684675,0.7026004524495295977309229532562045938606,484967.3627155044538329680152448242893723,20219.8562347307880703055738219562649737,1,39630.9182200723446177989246910342793485,0,0,0,20219.8562347307880703055738219562649737,1,39630.9182200723446177989246910342793485,311726.7671469854184293426267667328385202,0.6687670897068684163231892853611499121959,408606.3015832953560692641636300947162739,20058.3168628386311286342611739795067973,1,39314.3010511637170121231519009998333227,461638.772193000174388360575526248875959,0.7546968089275772184027787249759277064299,682858.7241725519195531125825734964160396
1983,22073.9773613615843095513901317111875017,1,43264.9956282687052467207246581539275033,122661.0705864444090718058141168772047671,0.5883932264697702938147619511976047588462,141458.9684458047591892034380493703994317,100587.0932250828247622544239851660172655,0.5293322891824725013525956907092453411375,104358.232785325970207092914869098470269,0,0,0,144735.0479478059933813572042485883922689,0.6391442150467294955256578293644196310497,181312.8744762883880395110103194858377834,22073.9773613615843095513901317111875017,1,43264.9956282687052467207246581539275033,22073.9773613615843095513901317111875017,1,43264.9956282687052467207246581539275033,0,0,0,100587.0932250828247622544239851660172655,0.5293322891824725013525956907092453411375,104358.232785325970207092914869098470269,0,0,0,152463.510452317284840832710448886694779,0.4721601468258564922415201455091392524465,141094.8992222732049640704991845889921481
1984,0,0,0,76883.4355737460333066723713934303980493,0.4810568394443040331985022365006033126329,72491.1929445430358184234242758741663838,57892.9307894767342132876900071899243203,0.5629717907504483262325540657578954876298,63880.4903599532271407346964299753359937,0,0,0,76883.4355737460333066723713934303980493,0.4810568394443040331985022365006033126329,72491.1929445430358184234242758741663838,0,0,0,18990.5047842692990933846813862404737292,1,37221.3893771678262230339755170313285092,0,0,0,57892.9307894767342132876900071899243203,0.5629717907504483262325540657578954876298,63880.4903599532271407346964299753359937,0,0,0,59637.1236920338417244150081460098309971,0.5628069754183265674072696801956226543593,65785.8108472138949532490151018071726781
1985,0,0,0,16822.684597691037677333196656915044579,1,32972.4618114744338475730654475534873748,16822.684597691037677333196656915044579,1,32972.4618114744338475730654475534873748,0,0,0,16822.684597691037677333196656915044579,1,32972.4618114744338475730654475534873748,0,0,0,0,0,0,0,0,0,16822.684597691037677333196656915044579,1,32972.4618114744338475730654475534873748,0,0,0,0,0,0
1986,0,0,0,38418.8837281056215567811895729130812276,0.6986691510904494769511070649172171192743,52610.494205110145283726080840586464812,38418.8837281056215567811895729130812276,0.6986691510904494769511070649172171192743,52610.494205110145283726080840586464812,0,0,0,38418.8837281056215567811895729130812276,0.6986691510904494769511070649172171192743,52610.494205110145283726080840586464812,0,0,0,0,0,0,0,0,0,38418.8837281056215567811895729130812276,0.6986691510904494769511070649172171192743,52610.494205110145283726080840586464812,0,0,0,39775.0295076543654661218864262457352104,0.9999999999999999999999999999999999999975,77959.0578350025563135988973954416410122
1987,0,0,0,18610.9526442095889386675008811315709864,1,36477.4671826507943197883017270178791333,18610.9526442095889386675008811315709864,1,36477.4671826507943197883017270178791333,0,0,0,18610.9526442095889386675008811315709864,1,36477.4671826507943197883017270178791333,0,0,0,0,0,0,0,0,0,18610.9526442095889386675008811315709864,1,36477.4671826507943197883017270178791333,36832.0867146586942594748161002266023309,1,72190.8899607310407485706395564441405688,0,0,0
1988,1897585.8006960995432305840350095139909,0.7636736647400878216764716060936586158224,2840307.15304963469152325179003043340957,66188.7966166118725611546954331817954267,1,129730.0413685592702198632030490363190363,22062.9322055372908537182318110605984755,1,43243.3471228530900732877343496787730122,1505106.83893850252107952818417505551619,0.94449771447440758998167355313479078331,2786277.14005774321470245807931677302017,458667.7583742088947122105462676402701393,0.7047868278864377053390779642191298490334,633595.4691775498511398707515776613021295,392478.9617575970221510558508344584747126,0.7360540712698622144358044783037272784597,566216.0458713177763394194821391811235767,44125.8644110745817074364636221211969512,1,86486.6942457061801465754686993575460244,22062.9322055372908537182318110605984755,1,43243.3471228530900732877343496787730122,0,0,0,1617759.69157360102822573710096279756133,0.9851267127445009832854262041017186418163,3123648.64246210036134255021367971432597,420478.1230131025479316651479058364476063,0.89998203808078604984717961273496248536,741708.6059107223768559987077640106985556
1989,1089082.37075305068743109142479475650437,0.7807786343343366407017463126686645518811,1666651.20238377047236654352021896498838,754993.7739115587900095333389313558224217,0.9348032832856157254245929226407377597383,1383310.49107693708583143184535028186732,364767.9546359810277321207157713420467924,0.8679992867970337489697695427815810419928,620571.9159620708130424124239751609013829,910411.9660613307674067301246609775705208,0.8654208119001718884655461404000798838063,1544263.34715156007018930939525007535057,933664.1786032787100338946390651347562723,0.9158440137807612895239776234056295865661,1675977.86775647493937415148279701387185,178670.4046917199200243613001337789338506,0.8446817292165334276696054466363352280929,295802.4677338468259946284723556852352924,390225.8192755777622774126231600137756293,1,764842.6057801324140637287413936270002342,122923.8590809230968418737825394912516177,0.7884682039327533704084615146308584159163,189966.2466044358868345278475155158935287,241844.0955550579308902469332318507951746,0.9233713226203249926603653406967837612898,437691.3286659566003763976673713606759304,1777915.44805704459130987769823887509949,0.9787971740154526719294201837776691168164,3410828.48774543905857020702815210359487,1143529.32564018420472225799979511102791,0.7714685992886470541011646442148872434189,1729106.05551036315298094666520087410975
1990,7058898.58621351271802419584913980599289,0.8689682349282708792379163451591958947445,12022558.94419926086556370594158430289469,767628.3234784611670987076578493845090834,0.9284275313231926973353771390965050021887,1396867.04790810304687114296773629931514,59408.5389214455167762938232345225207916,1,116440.7362860332128815358935396641407515,767314.7942974046500575044496759494337509,0.6735132172604666580138236277709753224714,1012921.44528724443422334921340279241191,7059212.11539456923506539905731324106823,0.9014630971809118803363819867683959023589,12472693.66571318599034025674488661722647,6291583.79191610806796669139946385655912,0.8984440366107852110883579146552104925263,11079166.4398208333352265867208967306126,708219.7845570156503224138346148619882919,0.9225717556875489007211658330709029803737,1280631.79730079017842628240541940858892,59408.5389214455167762938232345225207916,1,116440.7362860332128815358935396641407515,0,0,0,737175.2529287851000294703327173029872036,0.8131900249030215662913535845715784475176,1174948.58208261795553697593532906365653,2258478.88975343976475529586576631505786,0.6862393840874091941921924079682778527883,3037720.03806647982236440115397080737126
1991,665274.8506013222808786394734241639521273,0.7617779275821531180208189270654325832814,993311.7260486595656418704933108793481771,2435400.4229368169552620966465247509897,0.7932488409405806991474203732402640290728,3786481.98293282694810509626456481291873,555814.6602381924195503768899233561268371,0.7898782239418883869662746365875237700139,860490.7574728228153861431504953939583774,201866.2428056414236244675710323241960646,0.6318982872554263019934953747366291183845,250015.5088438027613465485007186680943035,2898809.0307324978125162685489165907458,0.8155089692436495650836617181089885165546,4633449.33878621064433778459373941295646,463408.607795680857254171902391839756063,0.9366918773809551585400328199621997224319,850779.3145080368272789577171636376252918,1879585.76269862453571171975660139486286,0.7970254456793756772419785209342896047768,2936232.25320666172498536878475226342945,402278.0723231437144722043182939631446729,0.7832515629368673846655309964328526651471,617566.4606093716777275615965281629164361,153536.5879150487050781725716293929821642,0.8251534973321898000959508027581905791634,248314.8548736451860802807156439980810294,288005.4742270642133328149368862791577947,0.6561561250201173112561755303072375515743,370394.0496686869714256772906423248809725,4340739.06547218739474428091059854776164,0.5938997570903387691351299900234039985964,5052809.19808989336828490176508700911969
1992,410435.8275561189435637294833596962145061,0.8910174386186166876963359403513258754074,716782.7403812760947652996523626895802574,1451102.01482739495482227990827643900396,0.6357990534036196934208345536829967441627,1808314.20334191232131674476209731315936,992239.2162611806362010054452099233283812,0.5593571143193549363432308394727819200211,1087831.48685581063078307286327914051983,361714.0024768181977966809706595178704212,0.876939875442649909583844436803344385728,621714.8072646512900796366577485153742997,1499823.83990669570058932842097661734805,0.644783186450939711114173301796815776096,1895439.94143584171827040285704486333511,48721.8250793007457670485127001783440848,0.9999999999999999999999999999999999999979,95494.777155429461703415084892349554406,458862.7985662143186212744630665156755816,0.9027730601358879230601854543398927864826,811927.9867745120983804084702936416123173,432670.8679382168936740336186216532558243,0.6992176059958379972108061887604917211574,592960.9333892467340909310280032427951135,559568.3483229637425269718265882700725572,0.5464193456941735155509632039011608231958,599287.5826931343194255991430908791771525,441473.3725903021043386460479322823157499,0.9385714885980742868998101559646938895693,812134.468157444580554272669751608096137,2444807.45704912453666069921626313271751,0.9166626656503766863711403992772676371716,4392484.89233791584058976701030767417894
1993,255577.4399444575517259117483702229604351,1,500931.782291136801382787026805637002454,3532419.74038965380554192901534961384757,0.9211559435525891822716790470052955327755,6377662.50040555040196074887568427082805,3149053.58047296747795306139279427940696,0.9116557508125764990756098169549594467573,5626871.50026002629113584359440075316349,0,0,0,3787997.18033411135726784076371983680804,0.9264310177556137162949406256092324670308,6878263.44274335859005374423214651719691,255577.4399444575517259117483702229604351,1,500931.782291136801382787026805637002454,383366.1599166863275888676225553344406527,0.9999999999999999999999999999999999999995,751397.6734367052020741805402084555036789,433653.8638815185201494722202833630692091,0.7445710255333941856780539321759897103876,632856.7602272910984829838030025918222095,2715399.71659144895780358917251091633775,0.9402217345400547914103559657400106393162,5004032.54974624325898751150651261220981,46588.8202838335779395641554236319724293,0.9999999999999999999999999999999999999979,91314.0877563138127615457446303186659612,4541644.02734533781836064269553015432131,0.7189849229157940803595843017435386336042,6400132.21858725401573235851492974741197
1994,388350.3937512077022211146427486399934691,0.9999999999999999999999999999999999999992,761166.7717523670963533846997873343871988,3063712.04699439143559275535301084051933,0.7882905189720239126221134982547568195769,4733586.51263185905629333237436426333015,2444100.53014751628610862271484815952183,0.7449115374123352327585264225466894614379,3568451.8196648803106265869040484186284,38835.039375120770222111464274863999347,1,76116.6771752367096353384699787334387201,3413227.40137047836759175853148461651346,0.80909052095562574231848930466319913338,5412755.47517711976747127582573209862523,349515.3543760869319990031784737759941221,0.9999999999999999999999999999999999999994,685050.0945771303867180462298086009484789,619611.5168468751494841326381626809974926,0.9711902703675433281955115797819392570264,1179450.92607594619618095164893248704002,460257.7031098405662701181035440150033263,0.7709652354590180341039244334698124043562,695491.6693618138961372971459700537816058,1983842.8270376757198385046113041445185,0.7434568293660844016748455165769692414481,2890806.93637415634636671923281542446145,77670.0787502415404442229285497279986938,1,152233.3543504734192706769399574668774398,2423112.86433775370094413371663662385825,0.8903404429362258610712534546269460780822,4228494.946601127486735434067306153163
1995,450214.7049479663824305638050741624682319,0.7432232115865120176026328160615406337849,655835.6370732069353420666918912881876576,5153930.79006303128538616504089026606453,0.5833305225657964879774297549800394276559,5892632.47642941613008996926631574726176,4411347.4959333638057137683035576791703,0.5956695635858237828136709541293459032378,5150302.65794696501037995738227678373549,123200.2037450657228419018797145926474601,0.9999999999999999999999999999999999999992,241472.3993403288167701276842406015890216,5480945.29126593194497482696624983588533,0.5742529614856086507314300051964630282799,6169000.16789012407868340591092997557722,327014.5012029006595886619253595698207716,0.683127201233269838630294996444868082195,437849.3019000853099587980174123296194495,742583.2941296674796723967373325868942275,0.5643029463968376315321437820410947628996,821322.2040119840864570749266213070588194,823706.1947259688834822426509281640875637,0.591277786507239487131753081919589264359,954596.7840777492491450287616152509360464,3587641.30120739492223152565262951508274,0.6143524741822993330103264054153539597752,4319989.56735571907276243070555631605787,273920.2518181887390730853491910174163626,0.6810386260337036666618507362909896156006,365638.5330044881399513853320174315644128,2954258.64877851420800375481036367370729,0.6686105188146942062833269772035328411076,3871486.87943029571953579121317129487683
1996,128182.5576981996975187532997223093981403,0.6207570717046630338277746615803268165918,155957.6491542829741446390959703790353445,555428.1364266185959099083088276832806266,0.37071962856488514945511724131267858914,403579.900363902306019841199191649017885,537312.4353761678676405069944046692661418,0.3684481875607086186235825438667348139013,388024.7142176316774077358478919514366635,109969.5762966151040875247634842381875356,0.6694539915317202519734975050319847891714,144294.3607256892227986524636326530854355,573641.1178282031893411368450657544912312,0.3610846236329309206987170558113295068613,405980.6547774862353666442753952852269618,18212.9814015845934312285362380712106047,0.9999999999999999999999999999999999999945,35697.443547105803125207931026619572785,18115.7010504507282694013144230140144848,1,35506.7740588834274080265762691074683902,18115.7010504507282694013144230140144848,1,35506.7740588834274080265762691074683902,519196.734325717139371105679981655251657,0.368696235627191598654240642195889336445,375194.7277318130854466528631705079631469,41111.5190721580490238967345372861911358,0.7029631300216595716647942674094922351661,56643.7689687423767446427595177888634682,1074257.4886638502061077698301580908545,0.754532335516962584151890520925571134998,1588701.54326151883283826569933932240221
1997,1600699.98463604780187038264563208734066,0.8544159999030253362829533024780458657274,2680620.80871842950888340772290657148019,1554856.50814976918439596372311452549689,0.5692522914148414061550702417185987040669,1734807.0349676488735156803049603924112,1423129.08130707724921249337891389975938,0.5994433115233713624183434780356373101012,1672047.01007889809635585701856393360661,609780.1497678696380702067779004590874349,0.9045619107047282431371969747876760269384,1081104.43887232543977569945059968801467,2545776.34301794734819613959084615375011,0.5191144973843064942930279734702962363977,2590236.83724689437929052352568947023609,990919.8348681781638001758677316282532219,0.8242308763132262362543329739460022424999,1600823.57874512960864608546935092663202,131727.426842691935183470344200625737512,0.5352768535233269660647551851736094111948,138200.8594236375443111582563011305328354,171418.6611373446018478112678604827019945,0.787327277111114917126584586297091522789,264526.6719298249006710365887348862421673,1251710.42016973264736468211105341705739,0.6723440742328591905452104452273694221048,1649496.96396701850592110167557713798994,304675.0874780939940605706444665207933222,0.8759957901906772811079574712993179394416,523112.4242533018797130740247678968797274,1008527.83078252441926558898924249294726,0.5583003461083168869744265792954721086169,1103600.41649207672101024895390374304431
1998,419354.7336318751493249364123958178502556,0.5611892262837464372985384609657512096365,461261.2226703852473968105896852208034064,772660.4661335654565433959344169594596951,0.3752520942488254009893327146004263301541,568287.2177973923802737983824385500135213,443225.1719225633431082823038629394285098,0.3731541141436433648120126625675616358154,324166.9409340591857027462189841667060441,131350.2475054274186285722917043176174196,0.7761533131665115841412551864338765066452,199817.9423816944759085947859798484478473,1060664.95226001318723976005510845969253,0.3979251004569223064347196639941276156598,827247.8070512368017546418936250868042228,288004.4861264477306963641206915002328356,0.4933674645497486506030379156943560764449,278500.404474351204562197984452070034204,329435.2942110021134351136305540200311848,0.4427062766008043551047721125027941411651,285852.4220628447961741941982500771495556,119509.4716431736554278976119306520581059,0.5357005468857327451376881263146905011656,125481.7270618552696770468833329954981873,323715.7002793896876803846919322873704042,0.4331202117474773687711502793473702779848,274807.3127959446734940376452713128843981,96807.2960685020734978107316853623158497,1,189742.3002942640640557090341033101390654,1010855.71862207459254843780036839376408,0.7211125616241540633212549543754229869651,1428723.88310845903735925582893552803041
1999,7163821.5023353335556327175588415244712,0.9654733306918418150558797962203082178524,13556298.06842939592963777466510729410435,1939076.12265200479374398106984831373969,0.5841588402998737089349329639160477383501,2220147.77976067875387770783711689021346,1298815.65542319314925390912691425249485,0.5989091140623168012663731889262333716622,1524630.16569875300465633209123284946154,6934432.84587439443958242182893772320261,0.990965212268688769588914030644134120342,13468692.16546677820708082247825607510768,2168464.77911294390979427679975211500829,0.605261458588794723866076135417489753902,2572476.78400448483675702721141141370605,229388.6564609391160502957299038012686002,0.821923244980895730478310601955583912386,369538.1430051586629347555950960400844892,640260.4672288116444900719429340612448343,0.5654060652708932161075157957047217201329,709534.0169877182847567910726296860013188,498134.3284018857660092597692304096704504,0.4289971829617394169069516685369841892115,418848.5182970560722592008575275924722607,800681.3270213073832446493576838428244061,0.7661869400471940539515077271227751444082,1202404.28877062914436554574846377670038,9496985.99634650445689294491824059140006,0.9959822170634633978436807818918493768959,18539305.16940123856316609430673348366854,859499.35771746111843229030082498589656,0.678790631919594678221190930926817266913,1143503.41983266152767665283866516279352
2000,135564.121308170653288595526095572864074,0.7062180154349232071591692607072185118602,187646.1364402935103451072462963767864384,1538502.48589985131990023369539477181983,0.3892433322576466902289065039845328860655,1173749.59522472919014866866288852055592,1257450.13238657110907727346756793968608,0.3833995892377393764989721298366174902483,944927.4939181466310716030196090286588589,0,0,0,1674066.60720802197318882922149034468391,0.4017436638390933824496376576514603625174,1318189.47848924507826781088370152596677,135564.121308170653288595526095572864074,0.7062180154349232071591692607072185118602,187646.1364402935103451072462963767864384,281052.3535132802108229602278268321337484,0.4709776467980053293351878726762253907463,259443.9771260626059408496496166580256008,242807.5700358842096250029980313018495649,0.5047501988443421123880748976013528392053,240212.0517427871938623670552061509793828,1014642.56235068689945227046953663783652,0.3747995889974640380362311741284633303301,745363.7260828076085214079109737585810829,19201.1102440379354172463802840670116987,1.00000000000000000000000000000000000001,37634.1760783143534178029053567713429296,682970.7086466492191293925679473968911889,0.6336688118413758693202124139647493763283,848243.3854423460189141286215531902650491
2001,2495025.71431955395012145416485822057621,0.9933036145682841618070940218699904522014,4857503.39852987904909478580746379696624,3662558.63696781554048306944355391273441,0.8453145746832613038753820332087356548216,6068187.82506347030085224659533803569213,1941203.9190071659941712636032909590433,0.7376315409750674785106364570173227817005,2806510.74672322803043902806183649999738,1070713.63913283473839489475827616832428,0.984463823358997592526599933215265429981,2065994.53209053955983818968108620023756,5086870.71215453475220962885013596498632,0.8873083722390082519143486743058166267726,8846701.02392856484325272882670835000563,1424312.07518671921172655940658205225194,0.999999999999999999999999999999999999993,2791651.66736596965498405643690082241378,1721354.71796064954631180584026295369111,0.9775768754964166532608567779933711928964,3298202.87093777511705221023153885224697,629710.4760900005150402635087754195754695,0.9690834258604905251454899775533653318838,1196074.29152029488302947590981242930165,1311493.44291716547913100009451553946783,0.6449682066841324438492445418416917199836,1657908.28495431436615584610039940139843,564663.8978179203291538914684296929852389,0.9999999999999999999999999999999999999996,1106741.23972312384514162727812219825107,3831785.77346638121986183781775148797305,0.9945826775868463492960422539888748097027,7469614.39884622185136810044974471314556
2002,18967.2300304196195608930946072413537628,1,37175.7708596224543393504654301930533751,1891295.70006861823129136584302393360943,0.6693191095323902858981143700727679205809,2481125.49351143785373673790563745468789,1874607.55858801894761086407985330639484,0.6755483681656353361099455121637305639136,2482120.63122399960140703253581068695394,18967.2300304196195608930946072413537628,1,37175.7708596224543393504654301930533751,1891295.70006861823129136584302393360943,0.6693191095323902858981143700727679205809,2481125.49351143785373673790563745468789,0,0,0,16688.1414805992836805017631706272145874,1,32708.7573019745960137834558144293405913,118801.8793671802980989945336576870172648,0.9999999999999999999999999999999999999983,232851.6835596733842740292859690665538386,1755805.67922083864951186954619561937758,0.6919499247685191673206604666150806190305,2381262.03098419608258266527723574176248,17372.4010366757063517359727028369868466,0.9999999999999999999999999999999999999942,34049.9060318843844494025064975604942191,431951.5367358238537622573579801647576604,0.5075826461756947007032821752444468645823,429732.1639106134504694665440921175714738
2003,35298.4539294079924223819698278654866773,0.6996235534333508002409473591075463669882,48403.434346839854441333388833162388291,1470902.34313226268056204463875799163627,0.6776320925575243542505461307216304033268,1953592.04013998250900870340437203387278,1417823.95749975735843115150574589541687,0.6687856423222881142365187635611537598364,1858511.79998815134879373112504426889722,35298.4539294079924223819698278654866773,0.6996235534333508002409473591075463669882,48403.434346839854441333388833162388291,1470902.34313226268056204463875799163627,0.6776320925575243542505461307216304033268,1953592.04013998250900870340437203387278,0,0,0,53078.3856325053221308931330120962194021,1,104033.6358397104313765505407037085900281,132695.9640812633053272328325302405485056,1,260084.089599276078441376351759271475071,1285127.99341849405310391867321565486836,0.64538008253544207142952647963174317827,1625616.18050362810442730588380227106468,39263.0492506321124670060895095534852751,0.7003922803981039487075395315415805365332,53899.0917360652516084378069058088161544,1200943.53209599550599796518123178644412,0.9126269781371507942809706146935940691282,2148186.39455584449795396533766869035932
2004,1384924.03228090496500002331316417823692,0.9880128932025478286971074086156087106616,2681912.68799920749120228646628896243349,811870.7527913859673951725483315906050359,0.5952962516866168428851302589016262375197,947275.0873417798098096298841028444463532,811870.7527913859673951725483315906050359,0.5952962516866168428851302589016262375197,947275.0873417798098096298841028444463532,1384924.03228090496500002331316417823692,0.9880128932025478286971074086156087106616,2681912.68799920749120228646628896243349,811870.7527913859673951725483315906050359,0.5952962516866168428851302589016262375197,947275.0873417798098096298841028444463532,0,0,0,0,0,0,0,0,0,811870.7527913859673951725483315906050359,0.5952962516866168428851302589016262375197,947275.0873417798098096298841028444463532,1119790.7605520666046367867140110587593,1.00000000000000000000000000000000000001,2194789.89068205054508810195946167516825,548805.745587825115407635400047863447934,0.5353545291058939867435108000564766921208,575859.057339567175437271411986125387994
2005,55258.2099403999904301391594465835588555,1,108306.091483183981243072752515303775357,247739.2105813422714923658395860464495377,0.5901987253777037320010862091913335161976,286582.1179699260139730292906386261820777,247739.2105813422714923658395860464495377,0.5901987253777037320010862091913335161976,286582.1179699260139730292906386261820777,36838.8066269333269534261062977223725702,1,72204.0609887893208287151683435358502376,266158.6138948089349690788927349076358228,0.5596218600341687918663783712163980242179,291938.430000981112074715704176104978698,18419.4033134666634767130531488611862851,1.00000000000000000000000000000000000001,36102.030494394660414357584171767925119,0,0,0,0,0,0,247739.2105813422714923658395860464495377,0.5901987253777037320010862091913335161976,286582.1179699260139730292906386261820777,0,0,0,1326133.56261880249227439422747530646029,0.7832375596583873151574793837759664463301,2035808.126118602693674461487939019606
2006,97830.7472296703580051822561395348393456,0.7054075255067740446968692853552182426975,135260.6688306504962601694134165243121185,1410781.75559432027827290140502484724037,0.4020393713477146957030261183909583477938,1111692.0278508129772105148845690614887,1230657.57646529423923040251404916874692,0.4029355580345417549849729709954463373184,971916.3667520609458144990177591420180371,18594.0575288628812339298488507130000132,1,36444.3527565712472185025037473974800259,1490018.44529512775504415381231366907971,0.3960778196389280095447991897013515837799,1156719.98378718788268414557544919161454,79236.6897008074767712524072888218393324,0.6995915912510933231554657339006496283937,108649.310793183759968144050642612049224,180124.1791290260390424988909756784934404,0.670887887215304085314522167160389968187,236852.5347456359726099471320579113982418,57880.6814252788128261789656057706519925,1,113446.1355935464731393107725873104779053,1172776.89504001542640422354844339809494,0.3985434734452067871087458999712195388683,916109.0515580436126797486228748496511062,17724.2383498773941819399716098075978062,0.9999999999999999999999999999999999999944,34739.5071657596925966023443552228917,952351.0227491138561786755564358612747541,0.5859439692074940549021242257313543295455,1093727.70316292718946434914863283603341
2007,224266.6784231470037906148926584870985104,1,439562.6897093681274296051896106347130804,1229604.42811556202859913688654085282285,0.5500352721693016419417230914454470718875,1325598.58030707844664626517311638991699,1100181.5290548273253979320745851461036,0.522340093157679658711019573196329697211,1126351.08785863963232690668042302154032,93444.4493429779182460895386077029577126,1,183151.1207122367197623354956710977971169,1360426.65719573111414366224059163696365,0.5866245067109227132861632271857128860852,1564196.84871991722818738859862505635445,130822.2290801690855445253540507841407977,0.9999999999999999999999999999999999999992,256411.5689971314076672696939395369159633,129422.8990607347032012048119557067192485,0.8733418091949845828297773336034841069106,221539.640481245356427800234988290770791,260667.0753408067860510042140875486725769,0.932830822004884290054876422534929204623,476590.2330331568400385601525663932355111,839514.453714020539346927860497597431022,0.4475220697792372587829257072090306073866,736374.4420339409294876719153506732678429,72345.4567285433811937406408384158613724,0.8015701718439034820049033571356623678997,113660.3219567674349102818790550472786635,843877.6807102999383087881083816677337875,0.7763105660765013565919974248511054359267,1284017.87362261450844020129175764273323
2008,416152.4562705729076154459286271079749835,0.9561733771690356742781558690025527149669,779911.2430776693423412509530312674341222,1305314.54029782937841190620137276734239,0.4645291342580144163812060308713855933959,1188459.00134433955498288403135042389989,1085325.46698791296856596549959692738481,0.4780948814491279528933528476915619145747,1017021.55892767914133816292329951476815,289420.1650546128701242974319669664614814,0.9999999999999999999999999999999999999993,567263.5235070412254436229666552542645032,1432046.8315137894159030546980329088559,0.4702207517253483578801071936878450829687,1319821.14973582199354953789748768689192,126732.2912159600374911484966601415135023,0.8648015710856074695066327097808227016811,214812.6377196483040446266231189817028371,219989.0733099164098459407017758399575856,0.6809500824773258112107535455447835334949,293611.0921244161850028775517852082144937,203891.4620199329468515210560411411468516,0.5484427936079635190735719778805787029065,219172.6939251270748932189800415791675853,881434.0049679800217144444435557862379532,0.5201384176372033776932513645862970078809,898596.6696475092591484689154007998852851,237145.0331328027983643406072363968430617,0.8425444973876854718728177878789063060711,391618.2757877721699601044249874054801286,1501812.37403136464517070568386683828343,0.7229176673186918201437405414354705817878,2127945.92844279763289077257753681623828
2009,35589.6325305704529173009629879217105691,1,69755.6797599180877179098874563265527154,887543.018753900756510129188834382255211,0.6898261980056761370392127125599229042121,1200010.83533922838977728569831633758087,669817.82277438448736595713119235992645,0.6635965772000529005369315236872282389761,871198.0764997194472555818557443232588844,0,0,0,923132.65128447120942743015182230396578,0.6998458562462920577115591536748645524927,1266259.09910349736685756244901864160344,35589.6325305704529173009629879217105691,1,69755.6797599180877179098874563265527154,217725.1959795162691441720576420223287611,0.7754137867837197341648460794280298252037,330901.1526377002739826765622115977404118,321478.8829293975048940761919255221413307,0.7815973409649459958099484024335607075585,492483.3985450365865581274929984153883463,348338.9398449869824718809392668377851193,0.5809615724316591584842677833206037057023,396648.2149337807039024913296264628150385,19190.6165306497436721059080654582104,1,37613.608400073497597327579808298092384,296832.1762257692763790832776928522714815,0.5481004272670454592599244444210486729774,318879.9315272641042759722841689704586084
2010,81953.8053573742422652858229193962975105,0.5946392128802500963075043532651100319614,95516.5747680904760219107273562194448052,1430120.90173539725386257918180999831604,0.4568938478908514647240571358574320492196,1280690.3458163190577705957823700524382,1174695.68844294062412548590664159391204,0.4452615940339315304221622467836289879791,1025171.87449214507195592022302277047841,44798.8875346314375794813030062237677689,0.7038648680139731341061096369909905432773,61803.4316010029188835612395110785779565,1467275.81955814005854838370172317084578,0.4498610766191721560492876557489269663441,1293737.74857205800546367292508494693358,37154.9178227428046858045199131725297416,0.6993533955073801087542976838740526483371,50929.4591607003956324190922525665727991,255425.2132924566297370932751684044040029,0.5453178650632398737556511341132207863707,273004.3467120916512248667772037063620827,323426.5333013174361903702943759562090814,0.5789258055597667958059801933388267779824,366990.3340085011595222512979375930567974,851269.1551416231879351156122656377029518,0.4195187974470842297366390195984265705538,699961.8880468659123515974935016765336883,0,0,0,558528.3670845712983113572486648050601794,0.7284476640994744575440081357500511773427,797443.0212986575277086660739085850649369
2011,36361.2261434874272196673255582243658606,1,71268.0032412353573505479580941197570868,1015866.37050547947669475672446502926505,0.6323780350909363782120329644902437313149,1259126.69541862390230501088437488229198,961415.80465009032551801426828632537122,0.6342986983568488487052983222796990796519,1195256.59519973933366687329719039046149,0,0,0,1052227.59664896690391442405002325363091,0.627932474107468372286029043131271751583,1295026.6410523645258266023442036700498,36361.2261434874272196673255582243658606,1,71268.0032412353573505479580941197570868,54450.5658553891511767424561787038938313,0.7383837989425813346675575858413154406772,78802.6147149158766124611907307373829421,54268.019135705171871225391861438583912,1,106365.3175059821368676017680484196244675,907147.7855143851536467888764248867873081,0.6207226176118671423643027700900221973427,1103650.81005118362320705339282735521261,18180.6130717437136098336627791121829304,0.9999999999999999999999999999999999999945,35634.0016206176786752739790470598785434,451257.9831814166946724534668176608331813,0.7216805215518467202336415165757019998905,638301.6294473265804253643511038444731227
2012,363215.7518901768705291274269890277388493,0.9047826476272198811557620224578118427759,644117.3669240070209819562643573599380517,1246228.73852416458773069546347153884929,0.5941814452959761988318643901244351613569,1451352.54633031188103576853027551419203,1169149.65553672388854691036425419298142,0.5752745233637216930265633005074890164837,1318260.74122630654271634828462935738715,112708.7321809945981818258545326536682572,0.7461991686777897725523824652773148279362,164842.1980221242082297771089309913638186,1496735.75823334686007799703592791291988,0.6485345889635499848902060418876885187529,1902542.42311570542474461381565026057333,250507.0197091822723473015724563740705921,0.9999999999999999999999999999999999999988,490993.7586299972538007110820144931783599,77079.0829874406991837850992173458678745,1,151075.002655383770400218794465997901034,154158.1659748813983675701984346917357489,0.9999999999999999999999999999999999999987,302150.0053107675408004375889319958020675,1014991.48956184249017934016581950124566,0.5361206186220043133931081316362555957969,1066549.41594873067405200264756636070668,0,0,0,443440.8910018622156369159425844906021087,0.5394067856458208936330394773056170739544,468822.2502528973057298813543911408196914
2013,91673.9101982704404998283625962325674642,0.8372275263478404749270234412735470980056,150433.7652892267726071549746573841596006,1739702.71175365690775427533363016638681,0.5906068510680329044684580500668205269077,2013861.46715135624393419181781387503044,1626575.37215007904267124909441514360382,0.6037574211592784787798786814338005568724,1924831.62594062978134659499862532085973,0,0,0,1831376.62195192734825410369622639895427,0.5804848891634996491629960106722660518461,2083649.45260436233271312923015113976593,91673.9101982704404998283625962325674642,0.8372275263478404749270234412735470980056,150433.7652892267726071549746573841596006,113127.3396035778650830262392150227829977,1,221729.5856230126155627314288614446546757,18854.5566005963108471710398691704638329,1.00000000000000000000000000000000000001,36954.9309371687692604552381435741091127,1607720.81554948273182407805454597313998,0.6067948781745996594987127488451330607756,1912091.24256382811300109199652471872932,0,0,0,80877.7237094654460801487448437315219021,0.5830916620954028511403715135558978007451,92431.8876347201559432602273576541201943
2014,74302.5424977543444265517173325202044653,0.7815619232453495800674857929127403617167,113821.1945124658441743256500909013209778,2962504.714199353585139123256404715802,0.7171980744268667811278357092181737679331,4164417.24594841172167685869302962674177,2574868.02803118863192281854815678160964,0.7655844531097461012516898522331738068257,3863706.70489725476832801840975990111659,0,0,0,3036807.25669710792956567497373723600647,0.7138044760257172327109754016115162445916,4248665.76080923879478394254425036989963,74302.5424977543444265517173325202044653,0.7815619232453495800674857929127403617167,113821.1945124658441743256500909013209778,387636.686168164953216304708247934192355,1,759767.9048896033083039572281659510170166,277350.3304906026532541398978433428766514,0.9325542920386535264896351408743257362347,506942.7125508070550783164581513002760144,2297517.69754058597866867865031343873298,0.8216715254578257109090967954344235639645,3700097.54775686841923055889776703744279,0,0,0,494208.6623946791209911729144190422708303,0.9188115803909314090883943085335079927527,890005.8985899770552281242865160996095961
2015,128488.9303166066830301960896975208744959,0.8567019466662445115617387056316603732967,215750.3647855087567333660511716062839426,3534120.77520523452474400834386737786873,0.7131317542616187216261547262893482362299,4939775.74646129990115161175491522367881,3296878.31881119878076473957593375165292,0.7229775906237304750743924624013803417045,4671795.52128692185358229412069996733913,55959.6212123479638375545397006806495729,0.7296806041275087072344207959942815702461,80031.9944174263223997717767392468904174,3606650.08430949324393664989386421809367,0.7184163906482570639268901811453969191572,5078510.01036568201967682084035042570202,72529.309104258719192641549996840224923,1,142157.4458443470896175774379938068408493,237242.4563940357439792687679336262158096,0.6266777874869909588414142731958956039077,291402.1722351467726519791893898670287141,395975.1095463401340496033032614241688023,0.6995576067765049912008376847388249514151,542934.5039555121144153226660890240720227,2900903.20926485864671513627267232748412,0.7276084298460444177941444888313868323654,4137014.39328796782274211312729708944296,0,0,0,1827384.38408858349474254237967760803282,0.9319688409193481625942655351616171772565,3338008.00045218202169914647413009610436
2016,491906.6191483522112592534375632803051695,0.6825535192887758090287949943778786573226,658075.0843598565808449344243845108878024,1315416.67369709633915179797339649110857,0.7430229602649547777500747426087766322776,1915674.19010970133158978355435640403803,1012483.40635435167922927151866347953455,0.7379952499482915915722749043076038460946,1464527.57130031580317337530649160796503,75414.35566442802443062024173982094308,0.9999999999999999999999999999999999999987,147812.1371022789278840156738100490484366,1731908.93718102052598043116921995047067,0.7075740481711184611759729894562651135193,2401889.48278003142935013215208867330514,416492.2634839241868286331958234593620896,0.6515351883946449859183399488231662415195,531864.3560936649004616688330017833997697,302933.2673427446599225264547330115740274,0.782564859125699477603967966320503654106,464647.2621778231525214772361980114561063,385338.7107575320235136007703260821090513,0.7941770332406580147265286525226115126561,599813.2220403057553708225870100442880544,627144.6955968196557156707483373974254959,0.7203167050176428744006627395383442284292,885415.889375123804840413735192369820485,37707.1778322140122153101208699104715399,1,73906.0685511394639420078369050245242184,1253868.36065130404740768842620707949313,0.5703880283749344804334639948818931092368,1401775.34406427284338160985906807027488
2017,111892.2302706320727203026089255783016193,0.4495406504933041667356675684094671996255,98588.2077227727817467881259364432129764,1046490.87023125390049652838514374400478,0.6300136231842334566982857071480630557025,1292234.86937588294629677676340457106826,955354.5758676605667150861634298247720248,0.6422646591458355534248683555649493072427,1202637.34282479232034339836316463421201,39938.8629999236086603285505579014664712,0.7025347599708074176573238929512540957217,54994.5414810702560081706311198462598926,1118444.23750196236455650244351142083992,0.6048920449031693791449317095642545922817,1326014.52298814699034903843155515143398,71953.3672707084640599740583676768351482,0.6036408139629248566130549695651662012832,85130.6188058609190185102049540355531396,91136.2943635933337814422217139192327507,0.8231004748642982549281742817195196779624,147028.081249370437453326081250005922267,191613.8496176716108722924524428855457107,0.5531776062529859708865016060084075217638,207753.1216865894970435571521189968696163,763740.726249988955842793710986939226314,0.6826205641962828628665471797738974611849,1021836.44588679471324391323410389086855,0,0,0,318725.6859698147505339905746014669649597,0.5581829515619504729377857313482321153512,348698.1985011475469153165536553192319753
2018,1527153.35858704281105422391831899250726,0.9743497459652911152361446592894202389174,2916443.7144990795321276784205302763582,277246.245372063810470856313208446710952,0.429955416942335928616801623033366277986,233638.9090483000222555852416343635323242,220434.1534777601386180940297732005339164,0.4361237547982388207948229148625905322706,188427.6785729643315653245803199342813094,833338.346511459978350980510461185067725,0.9762771425592973478301003679987979679216,1594595.59224590358012328141490176886049,971061.2574476466431740997210662541504855,0.7964664313676944595665604449212305475605,1515898.68094315614558243582493917536549,693815.0120755828327032434078578074395334,0.9724060777914560644124904940298289092063,1322353.07182628848830130102421814897796,56812.0918943036718527622834352461770355,0.5636922874591690673806851391833366169142,62768.094549071486448059223190831606454,31594.5902970001804054356025667286829779,1,61925.3969821203535946537810307882186367,188839.5631807599582126584272064718509385,0.4808134260579258936417681114333519516892,177961.3308025177723582631001237857839582,0,0,0,944996.6620310901367581301851776794075922,0.9021021154068297643527693702489997271349,1670867.63622645317980868462281870600042
2019,244659.7957328910748145859592131848198494,0.6341904677640505467401097293474839985108,304115.3841858425274359930699571794517151,904304.6871506684331275481979556956453879,0.3486531925021940975545776850290347996049,617965.8836927656844262632037045199966956,320733.287110611090722183164926986702243,0.3982795910332308857293219072794832745652,250373.383945469696045456734639566539226,0,0,0,1148964.48288355950794213415716888046524,0.3982567696837211211993248152785264079725,896862.4515316856547229233242646930522955,244659.7957328910748145859592131848198494,0.6341904677640505467401097293474839985108,304115.3841858425274359930699571794517151,583571.4000400573424053650330287089431451,0.3997985650395978601128604832185611287161,457289.5763349615314850206105375505934996,55689.7987653038110709772403422867836939,0.5635864622812080394271555992720010283273,61516.5926757283262324451218016207559225,265043.4883453072796512059245846999185489,0.4157494835227161477494292046953282143542,215975.7190456162548819078801703797467882,18848.9807441021724879545493741386602813,1,36944.0022584402580763909167733117741513,587928.3884067292540835731441491636832062,0.4025695908730036425059501817861461847259,463896.8979357018923915488126797396312461
2021,76490.0414055187201509554457819421113202,1,149920.4811548166914958726737326065381878,1202214.34129437964866896772832841673712,0.3086317828975438117853674980605463025385,727241.4489342140152423941927852422541747,1125302.88017654927303034852580634215757,0.2985409170469693087136884353010795867703,658459.9494548655668734942651299651003975,0,0,0,1278704.38269989836881992317411035884844,0.3326239487884876623159788789932129842655,833642.2941693000193220099687295948807877,76490.0414055187201509554457819421113202,1,149920.4811548166914958726737326065381878,76911.4611178303756386192025220745795568,0.7819510345522197053445215517168691164321,117876.3533164201536281299594194827208021,150027.8983342079945907138526265566216265,0.4875043588608777983485349923183946117552,143352.9386017795283144395267407626939375,975274.9818423412784396346731797855359354,0.2930649326476898776149051150147580258918,560205.0378585413216294168877110675601889,0,0,0,855237.8922195382264782274230309464412682,0.5843155949564410095001231564881957371897,979468.522130242018406787513622641002394
