"SURVEY_YEAR","BIOMASS_MT_MALE_LE119","CV_BIOMASS_MT_MALE_LE119","CI_BIOMASS_MT_MALE_LE119","BIOMASS_MT_MALE_GE120","CV_BIOMASS_MT_MALE_GE120","CI_BIOMASS_MT_MALE_GE120","BIOMASS_MT_MALE_GE135","CV_BIOMASS_MT_MALE_GE135","CI_BIOMASS_MT_MALE_GE135","BIOMASS_MT_MALE_LE104","CV_BIOMASS_MT_MALE_LE104","CI_BIOMASS_MT_MALE_LE104","BIOMASS_MT_MALE_GE105","CV_BIOMASS_MT_MALE_GE105","CI_BIOMASS_MT_MALE_GE105","BIOMASS_MT_MALE_105TO119","CV_BIOMASS_MT_MALE_105TO119","CI_BIOMASS_MT_MALE_105TO119","BIOMASS_MT_MALE_120TO134","CV_BIOMASS_MT_MALE_120TO134","CI_BIOMASS_MT_MALE_120TO134","BIOMASS_MT_MALE_RECRUIT_PRIB","CV_BIO_MT_MALE_RECRUIT_PRIB","CI_BIO_MT_MALE_RECRUIT_PRIB","BIOMASS_MT_MALE_PR_PRIB","CV_BIOMASS_MT_MALE_PR_PRIB","CI_BIOMASS_MT_MALE_PR_PRIB","BIOMASS_MT_IMMATURE_FEMALE","CV_BIOMASS_MT_IMMATURE_FEMALE","CI_BIOMASS_MT_IMMATURE_FEMALE","BIOMASS_MT_MATURE_FEMALE","CV_BIOMASS_MT_MATURE_FEMALE","CI_BIOMASS_MT_MATURE_FEMALE"
1975,0,0,0,0,0,0,0,0,0,0,0,0,0,0,0,0,0,0,0,0,0,0,0,0,0,0,0,10.7468138893576830198742083208932241645,1,21.06375522314105871895344830895071936244,0,0,0
1976,0,0,0,165.082061739940429985730437779310614235,1,323.560841010283242772031658047448803901,165.082061739940429985730437779310614235,1,323.560841010283242772031658047448803901,0,0,0,165.082061739940429985730437779310614235,1,323.560841010283242772031658047448803901,0,0,0,0,0,0,0,0,0,165.082061739940429985730437779310614235,1,323.560841010283242772031658047448803901,26.55022640657356077993483748769055811463,1,52.03844375688417912867228147587349390469,75.70380714706575943456015051847131145165,1,148.379462008248888491737895016203770445
1977,140.614437867491438592440288965728881548,1,275.604298220283219641182966372828607834,118.609845506466450412666620545855647426,1,232.475297192674242808826576269877068955,0,0,0,46.60878456893765112708251692332537375368,1,91.35321775511779620908173316971773255729,212.615498805020237878024392588259155221,0.9999999999999999999999999999999999999953,416.726377657839666240927809472987944231,94.00565329855378746535777204240350779428,1,184.251080465165423432101233203110875277,118.609845506466450412666620545855647426,1,232.475297192674242808826576269877068955,0,0,0,0,0,0,16.23349685530903845036880239543007422856,1,31.81765383640571536272285269504294548798,131.66392666959031464317670189634330856,1,258.061296272397016700626335716832884778
1978,0,0,0,1249.504275470587300380448668761318001731,0.8254445845454351745403464903080998560188,2021.537213604985285117725659757085014784,1249.504275470587300380448668761318001731,0.8254445845454351745403464903080998560188,2021.537213604985285117725659757085014784,0,0,0,1249.504275470587300380448668761318001735,0.8254445845454351745403464903080998560162,2021.537213604985285117725659757085014784,0,0,0,0,0,0,363.583083135415805951586185484820224289,0.8246601054302131356201781095931972885864,587.6716287953441341773142895998893419,885.92119233517149442886248327649777744,0.8381886762060637060745899375230050589109,1455.43545839557729676851433304680207497,0,0,0,52.19549336480616638499159880851278071215,0.9999999999999999999999999999999999999996,102.303166995020086114583533664685050196
1979,0,0,0,555.786924049064252965006798967086737815,0.5152297852961651558711693751109115792823,561.261635994502233977050111718326310537,488.019671400460301446932908362117535478,0.5751597971927475433704110161725523244615,550.151018648369689112675357132910703597,0,0,0,555.786924049064252965006798967086737815,0.5152297852961651558711693751109115792823,561.261635994502233977050111718326310537,0,0,0,67.76725264860395151807389060496920233778,0.9999999999999999999999999999999999999999,132.823815191263744975424825585739636582,120.674080565245352391553892365267718833,1,236.521197907880890687445629035924728913,367.345590835214949055379015996849816644,0.6997317316875419121101808310970209718917,503.804998149700036695862559285156157821,0,0,0,92.71096122692163882251162341842856111933,1,181.713484004766412092122781900119979794
1980,18.27964890176388310424100695166084193974,0.9999999999999999999999999999999999999989,35.82811184745721088431237362525525020185,1268.984092923382677735603505208213782173,0.3820812789636503597922447204043124622556,950.315927809039823124727733995824554947,1268.984092923382677735603505208213782173,0.3820812789636503597922447204043124622556,950.315927809039823124727733995824554947,18.27964890176388310424100695166084193974,0.9999999999999999999999999999999999999989,35.82811184745721088431237362525525020185,1268.984092923382677735603505208213782168,0.3820812789636503597922447204043124622595,950.315927809039823124727733995824554953,0,0,0,0,0,0,0,0,0,1268.984092923382677735603505208213782165,0.3820812789636503597922447204043124622628,950.315927809039823124727733995824554959,0,0,0,261.705223541451631426697855566085671463,0.72839040000151901338551644550459681967,373.622202017376012101001558210771471762
1981,0,0,0,312.286888580097044214987501499473299748,0.584325303256965709025904264350927913345,357.655176510569355072658135797997457951,312.286888580097044214987501499473299748,0.584325303256965709025904264350927913345,357.655176510569355072658135797997457951,0,0,0,312.286888580097044214987501499473299748,0.584325303256965709025904264350927913345,357.655176510569355072658135797997457951,0,0,0,0,0,0,41.71788080901149021309599804124423474908,1,81.76704638566252081766815616083870010822,270.569007771085554001891503458229064999,0.5679909299798709680121808511081838912313,301.214255001354444680935299317879384634,0,0,0,34.5005013417493973429262730703932448321,1,67.62098262982881879213549521797075987094
1982,18.21016056513683452952367666315058422595,1,35.69191470766819567786640625977514508292,1463.679065389126175935195723824778400886,0.6980003527394421937393145348107758554667,2002.431067720336407760978194906646189462,1463.679065389126175935195723824778400884,0.6980003527394421937393145348107758554677,2002.431067720336407760978194906646189462,0,0,0,1481.889225954263010464719400487928985112,0.7012992123931078835542684087998380510199,2036.925584150491591730561325458382155551,18.21016056513683452952367666315058422595,1,35.69191470766819567786640625977514508292,0,0,0,40.10264408279415570727102560018056620863,1,78.60118240227654518625121017635390976899,1423.576421306332020227924698224597834678,0.6904931067916135423311478844741242839954,1926.62062357006844961712371612240196069,13.84912073860906385767682915490742634586,0.9999999999999999999999999999999999999993,27.14427664767376516104658514361855563787,919.337517322851553167348304199443729572,0.7780434941246887512876731274632088990531,1401.957765545264471212430873517779699904
1983,26.4561003110625703858337287013271946957,1,51.85395660968263795623410825460130160373,526.7443610489525816727735406817553491,0.5337243272271551242355629751716644402223,551.027108254237826506034483461634738671,493.222945108586491516487484448883332495,0.5188482839044196170098428438146944131861,501.579442157672759319960338681848778019,0,0,0,553.200461360015152058607269383082543796,0.5462537076851895527698005679428596501751,592.288094097688801595018087532150284534,26.4561003110625703858337287013271946957,1,51.85395660968263795623410825460130160373,33.52141594036609015628605623287201660407,1,65.701975243117536706320670216429152544,0,0,0,493.222945108586491516487484448883332495,0.5188482839044196170098428438146944131841,501.579442157672759319960338681848778017,0,0,0,309.328051925167394333606011447214958817,0.4814452289574662931566191414178387480292,291.89204897287530716454388975445208375
1984,0,0,0,317.233613640443129757645503985996785849,0.5488115029227564689067192123912266289973,341.238854308072156213326200932426941855,282.964895203141438343811628707396515617,0.6082376043985344812002434299924297022107,337.335384374992574500477116824181025203,0,0,0,317.233613640443129757645503985996785849,0.5488115029227564689067192123912266289973,341.238854308072156213326200932426941855,0,0,0,34.26871843730169141383387527860027023191,1,67.1666881371113151711143955460565296546,0,0,0,282.964895203141438343811628707396515617,0.6082376043985344812002434299924297022107,337.335384374992574500477116824181025203,0,0,0,112.036924666958404155062212881735169992,0.5706553011308659577322421345760508463134,125.31155136785461295798637484936826107
1985,0,0,0,61.48435667598281665804408620306200166399,0.9999999999999999999999999999999999999997,120.509339084926320649766408958001523261,61.48435667598281665804408620306200166399,0.9999999999999999999999999999999999999997,120.509339084926320649766408958001523261,0,0,0,61.48435667598281665804408620306200166399,0.9999999999999999999999999999999999999997,120.509339084926320649766408958001523261,0,0,0,0,0,0,0,0,0,61.48435667598281665804408620306200166399,0.9999999999999999999999999999999999999997,120.509339084926320649766408958001523261,0,0,0,0,0,0
1986,0,0,0,137.618902579224749311671570551031522008,0.6983978596433215287433296815632865657279,188.380984135274957357045565979910376424,137.618902579224749311671570551031522008,0.6983978596433215287433296815632865657279,188.380984135274957357045565979910376424,0,0,0,137.618902579224749311671570551031522008,0.6983978596433215287433296815632865657279,188.380984135274957357045565979910376424,0,0,0,0,0,0,0,0,0,137.618902579224749311671570551031522008,0.6983978596433215287433296815632865657279,188.380984135274957357045565979910376424,0,0,0,78.60890750077006729492456408130783078283,1,154.073458701509331898052145599363348334
1987,0,0,0,53.57634662272248991798872218757802016662,1,105.009639380536080239257895487652919527,53.57634662272248991798872218757802016662,1,105.009639380536080239257895487652919527,0,0,0,53.57634662272248991798872218757802016662,1,105.009639380536080239257895487652919527,0,0,0,0,0,0,0,0,0,53.57634662272248991798872218757802016662,1,105.009639380536080239257895487652919527,30.69416126524531979609727719410809101908,1,60.16055607988082680035066330045185839749,0,0,0
1988,713.139958911866057190419395601560245742,0.5853805491644447423896017803940711586759,818.218191126717915527028786405368384272,106.646563901329855190293236960019288705,0.9999999999999999999999999999999999999906,209.02726524660651617297474444163780586,43.75807163958595985146662997869000882696,0.9999999999999999999999999999999999999993,85.76582041358848130887459475823241730078,294.630682616847702444190901112941078871,0.8912961010099251875567561045649536465949,514.702230162406633813155115828058883185,525.155840196348209936521731448638455573,0.7000580733194386980254661368013230983898,720.573587933400871982386081985698371874,418.509276295018354746228494488619166869,0.7403409150076571247524905799211059722143,607.28549948083470180923448508769290874,62.88849226174389533882660698132927987713,1,123.261444833018034864100149683405388559,43.75807163958595985146662997869000882696,0.9999999999999999999999999999999999999993,85.76582041358848130887459475823241730078,0,0,0,282.80630627894308882611217780468119747,0.9352305859805316857882342328584579948892,518.398650778881498287903723649691140515,552.984845458734093797116480109980851018,0.8671168061570069127691606300840318068205,939.824807972910968996123888202223470892
1989,674.809660074741489399482987945896566065,0.7216096190583062294843942095748705973867,954.420317817062676191808472700248162219,1529.464075504861505012444631231531255882,0.9099287900693351755356995153830973442355,2727.738655530159739907488111042907330606,871.296549022158024774628267066519763131,0.8453045943660999839930573662359882980697,1443.561512849765756020907438359912202006,484.277773556473613745459107805421680304,0.8337728395179648465854901474327510702495,791.404202572293229114321614461773840235,1719.995962023129380666468511372006141645,0.9044358205466296166117265869678457510379,3049.026880128586082780637674991435774701,190.531886518267875654023880140474885764,0.8662757579631505930875657778016954487847,323.504182643132535713742423366662536648,658.167526482703480237816364165011492754,0.9999999999999999999999999999999999999985,1290.008351906098821266120073763422525796,279.072992044452877236463344015062234835,0.7810055484459847325859188968387704895911,427.196808207954112811271200792959617646,592.223556977705147538164923051457528294,0.8922713579275819107342107164533341236515,1035.711270067151312633789987823886483017,924.004730563532641039912976481060141154,0.9730447820261147126962731763672013580803,1762.232044018891288881691460226258590162,1326.856348854972225490250110134249119315,0.8228325408583473755561327729544575317645,2139.889938529438443310136290434683919712
1990,7477.016094823377353779088424053976825214,0.8822893484843170128914577996069233531885,12929.9076514606009667794595952833499987,1141.083316825020140947285457665846590988,0.9284509182491597296300394357307830483172,2076.502112477774139635475752317433006147,138.105340108644504777002003743381321546,1.00000000000000000000000000000000000001,270.686466612943229362923927337027390232,598.969691470384481998157328649315829051,0.6712647564729244030137333544783707157182,788.051798395879396421396971855617434555,8019.129720178013012728216553070507587145,0.9080175613178228950340855771374449898813,14271.7608003183371745305960591641698933,6878.04640335299287178093109540466099616,0.9048924609245988842603189959612686449409,12198.8289791160049571368095015827493585,1002.977976716375636170283453922465269442,0.9188396849523752589594809088868394134682,1806.288897554880900641036690856553649404,138.105340108644504777002003743381321546,1.00000000000000000000000000000000000001,270.686466612943229362923927337027390232,0,0,0,522.401807625516067223860725163683486435,0.8156816807801794594372786854004885983278,835.182625593706436266468694878776018563,2200.288680353792861681090988212459392286,0.7067005615730136364560200692949319773087,3047.692682216390203148318957416282730699
1991,639.652702162381555096671565671736622444,0.861895851100743561527816525055422407676,1080.575459872707112668019057483480672112,4429.984707456755183551139319664865722809,0.796181771181107605247795160027970256143,6913.063218548754732425846088358255699045,1320.869465980912194777884874202248931224,0.8067971603203751675502588579152785005455,2088.720519242289084886367267293569154312,90.93288705710751828159941202410624658232,0.5709148758469944695313303167744400140458,101.753278332249925830485927930872449942,4978.704522562029220366211473312496098661,0.810971185806241712470378934239320403371,7913.668384464413572678909151239839648796,548.719815105274036815072153647630375857,0.9342510806265922187164054374152813844197,1004.778477237719252022184268767524192728,3109.115241475842988773254445462616791583,0.794941220644038025760744936614102999643,4844.26517575630774929293771156722020773,902.86237527059345138167851573762838279,0.7902572806061185992556232820665210917715,1398.447388268123441264856415986580760519,418.007090710318743396206358464620548434,0.8561149351809587557279773650174775083141,701.409742202545528590578426201750195628,65.5793887386904518684125031152911788127,0.7192748610205901549360177510876944473004,92.45242721284018653426039248837176326566,4966.702803294441231876869710614769323761,0.6023987840524080486583901261045342466759,5864.194029730345276688655898373887050847
1992,273.799567438568265935136382909063914146,0.9018034634162306400837890408416006742845,483.950260468014675535988283008682016663,3304.807040624885277079992588186678448437,0.5964610974140401434822043831929055968201,3863.530115017820221529311848518026082207,2528.287326189990337352379172697051835353,0.5414613826667070704430731770896091232121,2683.181104778386238259411155695282306914,218.012622215362457427386621136931531278,0.8776992364613191897621764748076120846147,375.045043632413178667419763950702909803,3360.593985848091085587742349958810831307,0.6010937996137577150023059422350635311726,3959.263127508640714943629058582837806441,55.78694522320580850774976177213238286892,1,109.342412637483384675189533073379470423,776.51971443489493972761341548962661308,0.9067525647329249197664237835455016199424,1380.058035553858116253045991884333607339,999.707193822879130209287268055726498164,0.6987476993894314517485248302696703452862,1369.144479423730410021387219219805815907,1528.580132367111207143091904641325337183,0.5277563868731577943721661686841508263237,1581.167138300153389967803751276527865148,278.289208715574375559337002721023210814,0.9595007844307514464275031068351933489426,523.356679559965182056230787538822818654,3153.493782957977649485382623764206532134,0.9092280630313552405528933651055423445167,5619.800286358193850179753417727269517546
1993,282.47322034286749455976722085062484749,1,553.64751187202028933714375286722470108,9873.340950401447245423006991468397559875,0.9215663621248590853879123296415352313007,17833.9202472925265766475130595902453198,9188.702815757039090714078647436217716696,0.9157818923586996165630360397702862702647,16493.1013997539579811702426562667029148,0,0,0,10155.8141707443147399827742123190224074,0.9237279825923348845477512956873164289441,18387.1710816276129218246502287638051794,282.47322034286749455976722085062484749,1,553.64751187202028933714375286722470108,684.638134644408154708928344032179843174,1,1341.890743903039983229499554303072492623,1086.682481245296519162343476789416012747,0.7649515866667646012584927149846164455378,1629.268596933869827804222365125161896809,8102.02033451174257155173517064680170395,0.9372952191992839126884667354610428964047,14884.2104537707490762497648152134063494,7.30087723723383798764506054279197310461,0.9999999999999999999999999999999999999986,14.30971938497832245578431866387226728502,6471.147086465956391777832807434817993606,0.717187725741354260179026582163322015779,9096.413433285407630115370753231633695587
1994,429.916073139589492496921204460832187458,1,842.635503353595405293965560743231087418,9138.775130376308165256352229900716290786,0.7675215382371193638946640385144741507302,13747.8452215123280106034097014202996387,8116.792579927525529750391932413809878394,0.743998870589767202826001065682884907815,11836.213644063864194353755174561651739,30.60335982066268184024735240271755509225,0.9999999999999999999999999999999999999974,59.98258524849885640688481070932640798065,9538.087843695234975913026081958830923151,0.7767378126081556812987022351337218970865,14520.8432368255031569363677675993935113,399.312713318926810656673852058114632366,0.9999999999999999999999999999999999999975,782.652918105096548887080750033904679435,1021.982550448782635505960297486906412391,0.9677770672952884086516994118674764252981,1938.54049998055270765653633133591168657,1048.127118155328891116143864851703977969,0.7702838096632622768472604412389071120593,1582.41648518476342259111110556338122794,7068.66546177219663863424806756210590042,0.7430745759932850360409344017951133552605,10294.9893580557166483734629541443853905,47.1430886447676426328155967731703722809,1,92.40045374374457956031856967541392967062,3917.139888041374699914751648683836102547,0.8820339165177665918423920300835593083895,6771.898464514314953732801663962336864586
1995,431.130300470904168489862826504589067499,0.7083208582080398433614038375429166125669,598.542025480920212684122628810898398632,18055.6954577835615884418116685234120142,0.6009516103484197021532059944773429366053,21267.1745521787296672892857224485255328,16793.4223247234388082600453263426106579,0.609318668714889311611665387633507795479,20055.7896387720791635739004209191289211,70.31844563172644509477985113305423872366,0.9999999999999999999999999999999999999997,137.824153438183832385768508220786307898,18416.507312622739311836894643894946843,0.5964951108997077705583847225837499662257,21531.2988807832328196538348043888468599,360.811854839177723395082975371534828778,0.675523094057934441862192905013579367774,477.724011485337537440142208462705402526,1262.273133060122780181766342180801356359,0.5643649662310433193517730371086059600825,1396.270158863105709032406922450033046716,1971.04468516730558405826812171994753383,0.5931376350391517414614027048943996152337,2291.437534908585088931387906222912305628,14822.3776395561332242017772046226631241,0.6227196745321369533663845260578369505868,18091.1649118137665430764479510225746148,315.082566976162642338404626837123099485,0.5703930563462458655238485937472619800511,352.252980422750084667927057561384035446,4833.605798368737865819512945933320967414,0.6747811489991157498880983116641121261363,6392.787105886808486766429029814350161977
1996,67.59875479953141422231553041086207194574,0.7050913215084929390142016205266655350388,93.42005889370316169198049338053297676903,2361.497955248298771285855021353309403475,0.3715218391130939315934665999391982216211,1719.60220425549114870350626304096640729,2329.585345743060519238243521492351297243,0.3717162243013919682281016659786521719046,1697.251551058627956130183418929070048771,50.70025055252160563459625119262635565904,0.8139043012170787603735159985949274676472,80.87969791506258117350389464601412583243,2378.396459495308579873574300571545119763,0.3692387025051384942358228546414883154997,1721.264204583851325879818462287463483382,16.89850424700980858771927921823571628671,1,33.12106832413922483192978726774200392199,31.91260950523825204761149986095810623144,1,62.5487146302669740133185397274778882137,41.18843240552834820241938880439410845459,0.9999999999999999999999999999999999999993,80.72932751483556247674200205661245257094,2288.396913337532171035824132687957188788,0.3726486778150842991564076399190675396357,1671.425444779848768070459146042140716041,31.13099164947772860101098492362050348428,0.7387155154414832565487571899917952287423,45.07401522339496462155812001718755607948,1975.986535897756643548087124770860029713,0.7401393049030541122743776146311846160886,2866.510390307232393342323891073150018256
1997,1509.591574155154140943193120764381621943,0.840213696282526950012252222052677178844,2486.023852139806465186797767052924065832,6158.829812025110079627656016150205996503,0.622539864612744145745774220795419689513,7514.869471608047230817952352748581725576,5940.189928584841751534893953334957689013,0.6377324545338151302408758227589487104299,7424.973730964779910070482185434475983535,414.448401052104274519150513886590739034,0.8875376633431260316021200076892457986964,720.963588274315632223943878997372666713,7253.972985128159946051698623027996879403,0.5536403356378175234885420066406209805926,7871.540394860270527574032423740981986207,1095.143173103049866424042606877790882907,0.8229333686205143749740990604698128717845,1766.410526704365761658416997615580725243,218.639883440268328092762062815248307489,0.5445863092758050032576394415379129834074,233.373842879126732079057574226486078454,408.506351951158726169683928571591201818,0.7663953819944194960078696789033736371063,613.631668035479929276845580961381187437,5531.68357663368302536521002476336648719,0.6825666146457041156689763267095282024988,7400.455363100423050247973319134702699488,217.958185201489932046169568289795517486,0.7871639546282747758743601402232599284751,336.27490093334119385388092749120093605,1744.140475942871133534888800944208441569,0.5901849204302463717476129777592950551682,2017.556199706490254772018742033985405993
1998,416.417169049538471125462545155646824604,0.5140862153456822215772258987744742102685,419.585679825615168746730263819071892331,2323.521990171391560450698773371319044061,0.3599677204207479733428754103120890447866,1639.330111732971779344799467020557569451,1778.287888634966528704992001250185422882,0.3780331440827552884186686319210954935988,1317.613452784923544901191575787814273408,84.6816629238577458856974069023204630088,0.7298081146703834365226572318905461099012,121.130674940602521407743014219474556093,2655.257496297072285690463911624645405655,0.3671875062965136328684510166960460580447,1910.955662135274658060761578342615660542,331.735506125680725239765138253326361597,0.4829742916644003975445928675857399382634,314.030653338324734336616723161514581806,545.234101536425031745706772121133621179,0.4379061701955472020643216300823326330219,467.972299437098968172010336351100454773,263.637351545531844357495384684876043021,0.5243732310441394022859567707184495200958,270.958964913546337034938765570619693272,1514.650537089434684347496616565309379864,0.4192643164414499056859845863086043896736,1244.676287277734528989772393895639657609,50.28125655882477617832619309771473265825,0.9999999999999999999999999999999999999992,98.55126285529656130951933847152087601009,1668.775438477267500670168648519999956445,0.7603833553065681759472695716268469209002,2487.061771638567023437991775313266787596
1999,3357.771383697402193504962680537566344005,0.9309149994897149171482008067729516683935,6126.567502044843167908916351694157702589,5522.918743408269085265797371153454732423,0.6667476322434097383832315491174946346516,7217.490270670814007398673229202759090882,4471.82875083989997711842769753658877393,0.6954522605994822528917845840928915962106,6095.489091019319930267005128583490898775,3129.881029367961609909037445735820027155,0.9832607207822133814711478088348161396216,6031.878590721879086108625675482709555891,5750.809097737709668861722605955201049265,0.6720058983690176178194930372923996782478,7574.572162784940487406342839550679435968,227.890354329440583595925234801746316846,0.8233547773966240390967753647048149570847,367.763839441118484931553389162751670087,1051.089992568369108147369673616865958496,0.5704556801140783023850316788534282501611,1175.216502880513395847180980467427208676,1119.147301422514417244606507424257624426,0.4238222987819482090352777406011665999629,929.666380650427756207528924350262314159,3352.681449417385559873821190112331149499,0.8254555590295036815583971592609252759217,5424.279498550282348289276872583457159648,4116.815336458239436121392164576026820931,0.9979660677317323526326399027307649258592,8052.546345289719066969724678095101220982,1301.576448812719680963592320231399270636,0.7158904792870540692707783835690815461724,1826.300928027788192001048777619734849179
2000,156.972628323633093626532285210807701055,0.7093898334093785272542823583490604733379,218.255381846415372340989260218601337204,4320.463935452101090754689652529233229781,0.3736356301337723505529068945260833666481,3163.987359386052134304919400512129497263,3843.073487233672903781920246343949662958,0.3681809357854311425601694093567430709644,2773.294929930872752309692304347982543867,0,0,0,4477.436563775734184381221937740040930832,0.3791472731251780004374750753608884806923,3327.311412943212041211406274311712680852,156.972628323633093626532285210807701055,0.7093898334093785272542823583490604733379,218.255381846415372340989260218601337204,477.390448218428186972769406185283566815,0.4805166218336141241899608550499218268936,449.612329128165845338195721275609561095,549.857605507342366022217518478539028006,0.4948219495644292962422942418086364828782,533.279960186345168363720017582625114675,3293.215881726330537759702727865410634952,0.3633614688076170554111301558519333539294,2345.390409373916257305702205701650007896,7.88457589157524223310473672071618180616,1,15.45376874748747477688528397260371634007,987.224893416328766428996117193680302465,0.627286981302274915111294778924800958003,1213.77571358487437894575880036425788329
2001,2338.89800210903875268208256939090518444,0.9960307227683825550570555436933943842422,4566.043964343495956299067648351764971814,8603.167986769881427879557640012242734446,0.7864675076580558364225106357049694289961,13261.5796856562257679870241731797783491,5769.556098923379739268046348932663139431,0.7036296669670050989842633158958321958899,7956.87643940850519165133072787863847911,755.860015631096213424300925997798603839,0.9877672019462526162373964423700630173333,1463.362916097838198288129644687366576251,10186.205973247823967137339283405349315,0.8178199789172729754862160096906418564167,16327.746198405529476803314526668211604,1583.037986477942539257781643393106580602,0.9999999999999999999999999999999999999962,3102.754453496767376945252021050488897968,2833.611887846501688611511291079579595013,0.9739633550558094235157455304780550542859,5409.274916777489320939366554842740171637,1402.280989724359954658118164680180096928,0.9670420658373812057095077140856428982279,2657.886822167563851458606618585679601544,4367.275109199019784609928184252483042508,0.6336169034488847572873342705915924141254,5423.671489152142989761772534460185812004,405.551003573121526985981239287306047765,1,794.879967003318192892523229003119853619,5368.623974712151254214132460611939104766,0.9942857030385116269122880750634582260512,10462.3742835703167529308153344632528425
2002,7.85665135767649011458995422005181823771,0.9999999999999999999999999999999999999987,15.39903666104592062459631027130156374589,7037.318355441895365895921198056089914651,0.6859112744333558014967130545081880803894,9460.872963477820118624584437713259020509,7014.456274420565955118514875016375372347,0.6882575322156030557466106444252742377598,9462.394635923225256499137742570315347447,7.85665135767649011458995422005181823771,0.9999999999999999999999999999999999999987,15.39903666104592062459631027130156374589,7037.318355441895365895921198056089914651,0.6859112744333558014967130545081880803894,9460.872963477820118624584437713259020509,0,0,0,22.86208102132941077740632303971454230329,1,44.80967880180564512371639315784050291453,292.83445218390384522700362059137138061,1,573.955526280451536644927096359087905996,6721.621822236662109891511254425003991735,0.7007206996568119625402626283621107361529,9231.559910368091705669957326401969856322,11.99464945746254103606390093766343296709,1,23.50951293662658043068524583782032861552,775.210198847594041712289717972007650374,0.5287268190082294664424623908906231688224,803.353868098873842398519731198936051566
2003,0.269589317902634459084919199378365458888,0.699623553433350800240947359107546366991,0.3696776316550801749504945123372872016714,5372.97010072455406732423670411089793358,0.6578903336923267816613228876213810668186,6928.257181269760168274158147230028264834,5274.854613638212225801689436126580284844,0.6533817112948650258128616774035157139036,6755.127327209476394534502291422525571005,0.269589317902634459084919199378365458888,0.699623553433350800240947359107546366991,0.3696776316550801749504945123372872016714,5372.97010072455406732423670411089793358,0.6578903336923267816613228876213810668186,6928.257181269760168274158147230028264834,0,0,0,98.11548708634184152254726798431764873985,1,192.30635468923000938419264524926259153,296.082538810835827026335894736214271818,1,580.321776069238220971618353682979972763,4978.772074827376398775353541390366013026,0.6393969230190869223969859050864839946793,6239.486628313640137058013609160359067416,1.04028221547058947908094889909212033674,0.8588359179391074542821441538739843742002,1.75112619362124768640912208374844551961,2267.915263180451751805380686541079398702,0.9070673823881161974875342253527814652111,4032.017844052250104023637292914313510183
2004,151.991464404137589335257077738970053205,0.958769090573328635880700602031710436252,285.620447479260357519621103980459456725,3621.908656510449841805288314294064118138,0.5891785787078317104255335022391857159456,4182.543949126741395384884981703337197926,3621.908656510449841805288314294064118138,0.5891785787078317104255335022391857159456,4182.543949126741395384884981703337197926,151.991464404137589335257077738970053205,0.958769090573328635880700602031710436252,285.620447479260357519621103980459456725,3621.908656510449841805288314294064118138,0.5891785787078317104255335022391857159456,4182.543949126741395384884981703337197926,0,0,0,0,0,0,0,0,0,3621.908656510449841805288314294064118138,0.5891785787078317104255335022391857159456,4182.543949126741395384884981703337197926,105.266279386518789019622763284361565668,0.9999999999999999999999999999999999999905,206.321907597576826478460616037348668707,1186.696076246806851177126617097938884629,0.5324460629734411772586188887181582388651,1238.429241337540032047762849634272590796
2005,54.53702753066293134490247959372241137201,0.9999999999999999999999999999999999999993,106.892573960099345436008860003695926289,1238.268912051173375654240368488029440642,0.5850628810808404737088653620697877032363,1419.951747385494825639088919798724601827,1238.268912051173375654240368488029440642,0.5850628810808404737088653620697877032363,1419.951747385494825639088919798724601827,31.2323461692128399707794220701607979103,1,61.21539849165716634272766725751516390423,1261.573593412623467028363426011591054105,0.5766448656799083514515307355505151492945,1425.860673224733478321831706574544242354,23.30468136145009137412305752356161346171,0.9999999999999999999999999999999999999996,45.67717546844217909328119274618076238493,0,0,0,0,0,0,1238.268912051173375654240368488029440642,0.5850628810808404737088653620697877032363,1419.951747385494825639088919798724601827,0,0,0,3118.123019963964593027207922013672166916,0.7839802957413395119929037737146765227498,4791.312134404486191971302533456226467207
2006,109.066706121482712755821622239931740484,0.6984268018111808133784700916832297404578,149.303217051393931348731187435057970462,7002.930989286254988741332422881715570175,0.3826748330257233423147179103689129718869,5252.497076150931167789294981188271147041,6695.94100112560265170806272096280595914,0.3863260398053406083242911233718272410111,5070.160084680721153621763288723907327071,14.82252170057761304896155527276703173758,0.9999999999999999999999999999999999999987,29.05214253313212157596464833462338220562,7097.175173707160088448192489848880278919,0.3816828870086802270345554543358244749401,5309.385807417485676006065500230240462072,94.24418442090509970686006696716470874585,0.7043190769553455439006341052383625039469,130.10083488029282360719821381800917694,306.989988160652337033269701918909611035,0.6434633599692461372758187865026725190356,387.172146147193991466351294995374710299,131.732931767279246942942128295531666608,1,258.196546263867324008166571459242066552,6564.208069358323404765120592667274292533,0.385006866797597786653654488022583671853,4953.439756310666842581158565369012003694,10.04314335948280507360466316189626748004,0.999999999999999999999999999999999999997,19.68456098458629794426513979731668426082,2173.1541572389824846070144345946483267,0.6166620740739293367311463465409980749538,2626.599429775330880210625938761792837414
2007,213.609072348626681003691332737308336868,1,418.673781803308294767235012165124340261,5223.698292877258067967792266422510962085,0.4924511583909358420620197977722371043391,5041.935899807833165349396882785722953091,5006.697709149121336368938973157966129265,0.4840241949427316148932086362907200677586,4749.791142865343310654017543473961316885,66.68439671125077815882946485572461875709,0.9999999999999999999999999999999999999997,130.701417554051525191305751117220252764,5370.622968514633970812654134304094680193,0.5010929756367070888934171008610904126715,5274.715630859052247263395393745843090684,146.924675637375902844861867881583718111,1.00000000000000000000000000000000000001,287.9723642492567695759292610479040875,217.000583728136731598853293264544832822,0.8760666241783771173459628746367838983222,372.609658909634196946034916636392383937,602.011571358944073616040868916018627023,0.9324072400501204211405626788967291977301,1100.187097548897166306075662606827811839,4404.686137790177262752898104241947502245,0.4589718604180473926669351141767006525782,3962.388902789517346732173628314118814672,50.46494330018760140585966701906295678212,0.8519380719529276420248014037412907783619,84.26629273289625146742456509499515164666,1760.238359233469041997262561715634622863,0.7670881666103975940787420038826445040879,2646.505710932124537740370837476820674234
2008,332.322309715292307140296760371012937142,0.9279735686047457813353057749423016056105,604.437186560003907277167530237169058459,5462.26846339789174043043584749696172104,0.506106314138600156661121540697462117966,5418.397575337811450989794411911005120425,5102.105229712757404381355970461120715852,0.5241225097603522037014759660495562491271,5241.291268194598681442344288027360365164,191.225351119411301432176218424411944989,1,374.801688194046150807065388111847412178,5603.365421993772746138556389443562713191,0.5002295489924802444233187191117630878755,5493.819157452647219129155212659692852216,141.096958595881005708120541946600992153,0.8413572397865851142633348648594943787462,232.677377347964552987576151626102501879,360.163233685134336049079877035841005188,0.6657877902867095120193780354488203435895,469.992875655573086039703799599186570061,489.089680359933546341555347900762493559,0.5421260148878955398036247879652918708306,519.690549099197792895650480887360573016,4613.015549352823858039800622560358222295,0.5541189175137400648914976168819847315578,5010.071998055617920966415307526825384063,192.374532048700020402728251257905324012,0.910004898858195743784101364227233064415,343.121062496545195523036992829598011818,2824.535352945045935479694008892931009475,0.668556599876781582802281323107906096365,3701.189033521542039040101295103215562997
2009,44.49595738866237565847550823623833386742,1,87.21207648177825629061199614302713438014,2500.339048058216697584224593487098865687,0.6377679901581825101143873822548226049965,3125.486970412459859004726898742963947923,2126.523536611876882124995440734945952769,0.6158382383962625742323330716081299824666,2566.805237042686941898746082525609318158,0,0,0,2544.835005446879073242700101723337199554,0.6428837575881567964966199915998961474115,3206.624857857391490416198590445767224384,44.49595738866237565847550823623833386742,1,87.21207648177825629061199614302713438014,373.815511446339815459229152752152912916,0.7731787895384745305240767296324382062377,566.491400315542106494754047014640567163,741.534485146561324228276159096642529833,0.7849456301415375207843676173349691393535,1140.845937281494420224160304036347513923,1384.989051465315557896719281638303422934,0.5498090853864155954906995527639580121338,1492.49994476643507337931643632592523588,15.48158296682945228970677449916722754447,1,30.34390261498572648782527801836776598718,810.804223600253338754684486140565080973,0.5289627213252335379146696120101935283135,840.615008812062971167172622348177840463
2010,52.56590582587760139262314948270360635949,0.6308569527399061771382804500916455129131,64.99667164795900854343202615341482625372,4404.990633774641305432211071098841879093,0.4362923036879742879277915773927307611172,3766.852482213636740181466077459038118607,3972.858623608653636047443854263798385832,0.4271709052696867130739456741313048095664,3326.295644920564641570832844718604002931,8.73805942404218543663733984502299722009,0.7236808650034330973851304705324367718881,12.3941901487868083579823770978233471982,4448.81848017647672138819688073652248823,0.4335318568794813355559507383515514458125,3780.260891796093559145412279473610964777,43.8278464018354159559858096376806091394,0.6982716637917679473401506446810312957301,59.98333672574254562225501803878297050392,432.132010165987669384767216835043493259,0.5430584041267596586346191802131605080195,459.958922833146692030467308692598299938,718.688103088209518467278530141706325164,0.5786159269697873600967355357323697615748,815.05499062226319893613525618623492097,3254.17052052044411758016532412209206067,0.4165797728922286361268203475578488677038,2657.018368126344431893160833465030027837,0,0,0,839.958820055139992326158237349628547982,0.7088222082284071432212455639141403857575,1166.947672678726747019146124596111165064
2011,43.75698234378760380159675119810953992134,1,85.76368539382370345112963234829469824583,3834.344371842633745608624818308842511985,0.6482285353329152728576432306431205658049,4871.641614798252751429617172899357371439,3750.831599089830067536503587744521045633,0.6511853129418398785138650497357539450986,4787.273439345087264890202940951538059312,0,0,0,3878.10135418642134941022156950695205191,0.6449148064214662179354673034780753438036,4902.04816887120536890069213074059361315,43.75698234378760380159675119810953992134,1,85.76368539382370345112963234829469824583,83.51277275280367807212123056432146635148,0.7521891651307420555689666881514627791574,123.122109516782171924167918669884259544,126.253857092155146706112177519099224275,1.00000000000000000000000000000000000001,247.457559900624087543979867937434479581,3624.577741997674920830391410225421821355,0.6418482579735766473887087745313543253642,4559.800662798374880793207352657701316768,3.1515685276239865861623027470359260432,0.9999999999999999999999999999999999999968,6.17707431414301370887811338419041504465,813.802022693453424659878462697008691465,0.7302124041555374842839843286839585469292,1164.726729735346763211845593080358681065
2012,335.556353976024566715468881580248118934,0.9665498112358307047715185350851539953339,635.690583965239864480283900926717233208,4477.11279180637479546854022165171959782,0.5733128187411519826428745176150368249696,5030.900862805458890373931894474619176644,4359.737347132260369179032013806694161418,0.5671457974191777395238252385860060842387,4846.309159983892782452989443860941532415,59.54912061803752379892969605813035988606,0.8296414329132074679223476723629436233502,96.83265880620935274452210993463695723354,4753.120025164361838385079407173837356862,0.5880715697924940367897288135063201088856,5478.54251903666824953202355200697662818,276.007233357987042916539185522117759049,0.9999999999999999999999999999999999999964,540.974177381654604116416803623350807734,117.375444674114426289508207845025436403,0.9999999999999999999999999999999999999915,230.055871561264275527436087376249855348,376.084761385620761532845589869278967117,1,737.126132315816692604377356143786775549,3983.652585746639607646186423937415194301,0.548746845836228344758807630148459989079,4284.592911018175177365040630138544887016,0,0,0,663.182129070458152378644027513385806307,0.5464636416787448751126178694477055363891,710.313645842287718565236947589959834305
2013,104.106413684405047061528181799722619422,0.8373957176994669071834825613862244020236,170.869399408565135908592152763230294935,7749.452255854693352129309862853559060552,0.6194471683405665966178717748642392955093,9408.73746191602736195153715611854333712,7566.856844037061977882613974556361202411,0.6268778318455948252737901740091155980409,9297.249832060869226937334547837398109189,0,0,0,7853.558669539098399190838044653281679974,0.6148576775439278328436214180426450584587,9464.488854255268105281726429893811797106,104.106413684405047061528181799722619422,0.8373957176994669071834825613862244020236,170.869399408565135908592152763230294935,182.595411817631374246695888297197858141,0.9999999999999999999999999999999999999945,357.887007162557493523523941062507801954,38.27187001540607369561194625823703887026,0.9999999999999999999999999999999999999995,75.01286523019590444339941466614459618567,7528.584974021655904187002028298124163542,0.6285881106256441493735682350869883614365,9275.46284882957837484564362110624677122,0,0,0,169.223288556892991311599188275985619703,0.5848939750233412245378491910058339396323,193.99625654470354686171793957318399949
2014,81.72602324833501127807377111565859213836,0.8041990077878460818949560260256653791329,128.819014141244617049306403887232764428,12046.8417143606489646711916771263146339,0.7845749941614558700964407602554469160683,18525.2355047086388049504380133187829548,11433.209246686360953662970220186122322,0.8140420204198124174103869514872883134446,18241.9409999078917079670771572476192333,0,0,0,12128.5677376089839759492654482419732261,0.7821256228040842500923905739739407813837,18592.6846471779413707761712034452369745,81.72602324833501127807377111565859213836,0.8041990077878460818949560260256653791329,128.819014141244617049306403887232764428,613.632467674288011008221456940192312012,1,1202.719636641604501576114055602776931544,644.604320385362537247860538759247313064,0.9220462748400949678958549996035968688371,1164.935824220023050198563327043152845137,10788.6049263009984164151096814268750088,0.8484610901619772773317772191929797544672,17941.2745343085983278345342961275141393,0,0,0,1093.247625956052047885293908697845926033,0.9402932034021502946530776209131276434254,2014.827692151143465605641561270304367974
2015,113.165252391444601967693242110540174805,0.9030607284022861858539496840383392717368,200.302386698715181121523433626919239341,15172.8609534511135189238914393889172382,0.7387837821334132253246011028830906011158,21970.5486579109998330541313862025553286,14788.1314201534291753138271975017543384,0.7435851270096417477892738758778210294026,21552.6197773685203954284269263614961302,34.4926525740190919926139142514779982807,0.7403469094849096244351265968250432766337,50.05159631689902543154823517313084635407,15251.5335532685390288989707672479794148,0.7400378053769538487904797384436278927555,22121.9543820118959638752881069064029439,78.672599817425509975079327859062176524,0.9999999999999999999999999999999999999999,154.198295642153999551155482603761865987,384.729533297684343610064241887162899803,0.6177514691270309472204960637462462604911,465.827779445954890219767455914787872429,920.268697593492204907577581346182489854,0.7015363994509701849541379314929897262987,1265.379897728857574772278908735334742133,13867.8627225599369704062496161555718486,0.7472351268743489759154170204842674879791,20310.6061554975330639093024847218415623,0,0,0,3858.69306820536641725803669203845294333,0.961284056265773758231845416294710800157,7270.228243998594113130285327939487005902
2016,525.859208467175947664573203939650378365,0.6723732900182567093081166065724395832235,693.004424723603958986313710559467526127,4150.360113690949549208692326869111061698,0.7006579513566263453526019994168898168069,5699.646316715872814566068253316141624953,3653.365434887620796071788241712385515011,0.6954723428043947053417643967576102573008,4979.996651518904310534164656338985433567,57.64353863427260945949908728759765794656,0.9999999999999999999999999999999999999995,112.981335723174314540618211083691409575,4618.575783523852887413766443521163782117,0.6861206351380591645156148865491354385846,6211.04429404830458158117208571975798268,468.215669832903338205074116652052720422,0.651233084042170777823842282259899228997,597.638367937818752214726590741805476825,496.994678803328753136904085156725546685,0.7906389058004088668758472725156851597151,770.168924913871426741371390405634225898,878.944381172674351212184440511062509511,0.7976253155515502691723671894576430012097,1374.093847194828259250680285757732412988,2774.421053714946444859603801201323005502,0.6831661438817565176647747447571950653238,3714.965444230767276849814728885525213193,25.62365764962331404809297545280160888001,1,50.22236899326169553426223188749115340484,1873.087933971309400919503269809644271935,0.610287059583849322233607595012348093805,2240.517802028061941782653234909398817473
2017,87.83081122656905813274814513302681749335,0.5712472748872540743312315470515798195852,98.33929866605625524959433168007485912496,3658.466371922520280268094243389690191374,0.645985498296569341025463507712002547467,4632.099795644518425827970542658401936761,3512.546600029496485618557436393629815107,0.6536308840775758239106230046869498834126,4499.981521500287304563333604763038708225,6.56695952538311881076827750161198013042,0.9986159537302240620750805795818037658717,12.85342627711455577321356892781209654086,3739.730223623706219590074111021105028736,0.6364171447359813309519044499896052756325,4664.855724762846057886373147025762272507,81.26385170118593932197986763141483736294,0.6154050135195985843008472287133517196379,98.01995623945305530915566513759936325286,145.919771893023794649536806996060376265,0.8308331150690144417088952319280948711161,237.620558118800316231791501252648941303,440.913412570597840467969979415914898954,0.5513857441917170023084156662524567566563,476.502205424123335432593994159827049997,3071.633187458898645150587456977714916151,0.6777990853700858580630736347639148950983,4080.62232350200424202803462913725140064,0,0,0,505.046152876153865947635514926210857915,0.5559346780572657080145600695852907090105,550.314433990399789782331754486633437357
2018,1324.769750159432558829054072275796837577,0.9729588997632678075910406983118585066432,2526.33517636737013215357241401680995763,928.701844085483168531994139911233192911,0.4259654600274533192019073400188071611082,775.366020158665448135131634049414843286,826.931964523586148525134750928160142288,0.4301577196576235914564575731365534884496,697.193889616070827189435252446922188935,637.888749296955113345783734663378146738,0.9737593673984457521289835510560233276788,1217.454284172537986627001237026238754821,1615.582844947960614015264477523651883749,0.6258632420186358670471551981030449986882,1981.822477494090607024917256502842925248,686.881000862477445483270337612418690839,0.9725727781301758293218057383400384488586,1309.361855977164562535398587786354628579,101.769879561897020006859388983073050622,0.5640937630095807130477017254889872269531,112.519198473280526516389105031564911111,64.13219248012218748877243439267015540386,0.9999999999999999999999999999999999999991,125.699097261039487477993971409633504591,762.799772043463961036362316535489986884,0.458681467423080503348774881374666078337,685.768952830139203883727197265600490052,0,0,0,877.348399189428899029514322857396434677,0.8721284830946826148581686785077948263226,1499.714635920024404010753887571103757778
2019,292.501373943919599549621257255905078487,0.6332706040138865296110634846936038556393,363.055742634621005612560517601224451784,2086.40633437768509285039227193730188677,0.343726968894475925776276617007765877647,1405.622085387837158571973616488617926829,1101.383248911597743476395131085376766659,0.4147644305646276200452643591984065998841,895.356608293747187663781365527795751821,0,0,0,2378.907708321604692400013529193206965255,0.3708919087978355381925907418621249831786,1729.342536754837725379917977470723757812,292.501373943919599549621257255905078487,0.6332706040138865296110634846936038556393,363.055742634621005612560517601224451784,985.023085466087349373997140851925120111,0.3945301694874682787910421290163853187368,761.697796721688611767405431982666946528,124.078032172047516513469500830035677323,0.5652539887660306472016981082386890476381,137.465781102839882801082292833841393862,977.305216739550226962925630255341089333,0.4286266473186181773823008221381773407929,821.042154577815030230956431475622452521,13.4340547713602788501026384942195347533,0.9999999999999999999999999999999999999985,26.33074735186614654620117144867028811643,796.521355746828353996025543661056297128,0.3996519147605466678141649832457790447415,623.92931854489756755770300510760051223
2021,85.08075058203973663067895519656239986725,0.9999999999999999999999999999999999999999,166.75827114079788379613075218526230374,3743.943686195589934733666247255977113762,0.2965979347225719511361029703474714394801,2176.47409148472097810923293314909011311,3614.561905128822196604326898111460957386,0.2933105967011758948256110347491746591206,2077.971046045080988050810701098949428159,0,0,0,3829.024436777629671364345202452539513627,0.3032944716317127940622897189497682342779,2276.191009098080208147871774551441613615,85.08075058203973663067895519656239986725,0.9999999999999999999999999999999999999999,166.75827114079788379613075218526230374,129.381781066767738129339349144516156377,0.7664636606714620298266292700743147351552,194.366209739631778217454359851554086936,337.26479267729043234373635685493654458,0.4802292655116741971602028050352824120142,317.450270393910026737458349238544521697,3277.297112451531764260590541256524412804,0.2909585749003206950639593025063350114722,1868.973086833114131298533496727407268125,0,0,0,1405.874310569404744451178637719045630372,0.5703699485310600781380653576308786963436,1571.66217799479747318544343539396493064
