"SURVEY_YEAR","BIOMASS_MT_MALE_GE25","CV_BIOMASS_MT_MALE_GE25","CI_BIOMASS_MT_MALE_GE25","BIOMASS_MT_MALE_LE94","CV_BIOMASS_MT_MALE_LE94","CI_BIOMASS_MT_MALE_LE94","BIOMASS_MT_MALE_GE95","CV_BIOMASS_MT_MALE_GE95","CI_BIOMASS_MT_MALE_GE95","BIOMASS_MT_MALE_GE78","CV_BIOMASS_MT_MALE_GE78","CI_BIOMASS_MT_MALE_GE78","BIOMASS_MT_MALE_GE102","CV_BIOMASS_MT_MALE_GE102","CI_BIOMASS_MT_MALE_GE102","BIOMASS_MT_MALE_GE102_NEW","CV_BIOMASS_MT_MALE_GE102_NEW","CI_BIOMASS_MT_MALE_GE102_NEW","BIOMASS_MT_MALE_GE102_OLD","CV_BIOMASS_MT_MALE_GE102_OLD","CI_BIOMASS_MT_MALE_GE102_OLD","BIOMASS_MT_MALE_95TO101","CV_BIOMASS_MT_MALE_95TO101","CI_BIOMASS_MT_MALE_95TO101","BIOMASS_MT_IMMATURE_FEMALE","CV_BIOMASS_MT_IMMATURE_FEMALE","CI_BIOMASS_MT_IMMATURE_FEMALE","BIOMASS_MT_MATURE_FEMALE","CV_BIOMASS_MT_MATURE_FEMALE","CI_BIOMASS_MT_MATURE_FEMALE"
1980,3426.54791249036481352917866926463650466,0.2444923807530159361585639543765484174137,1642.019119502530560710456051192123858639,608.026849397800998241802186812604432546,0.3459529319007371166805409931427999576074,412.283395598132895315315989506080783496,2818.521063092563815287376482452032072117,0.2769928481761132938338823581716061550346,1530.191946744336895280022895855227561563,3301.155213496241765135045472384767482583,0.2518684153282708528899638533556442211898,1629.655195456877796223939196441083946,2661.816143903129449770300798504023495518,0.2850235940074470971993914521404036888899,1487.013591687735336455805933543382888326,1722.56063058511934846552633180389261445,0.3893123824294831897372826492380763414461,1314.403798625758374832129753666405666745,939.255513318010101304774466700130881073,0.3783767050192673877717585951642409530123,696.569116348880587781342985911764989108,156.704919189434365517075683948008576596,0.3979228869797541653979567381794639304491,122.218688741666049466731034665860762745,184.913514337105834886518608761128339362,0.4200701851454898863747768618641943006902,152.246242238842843366234031146875109229,1918.051757457394664607567512477087274348,0.681619181228340343745233443017590878435,2562.466502204509638952998930913008932731
1981,998.681744026257761702166019446705616185,0.2137304519751813961644939041557819357795,418.359453038985190040169580227124013851,178.244632335719556561626678242653044661,0.2981908920270950698039422953150843200638,104.175814793850425225009716564726839553,820.437111690538205140539341204052571519,0.2302156578766168821207522755924515239125,370.19984005188816655643627894673201231,978.005143785422832750440076762271739685,0.21738485701982661881436428348823539928,416.702876359040268077968469091598432247,662.143814735345398137773504508486492033,0.2571942585987716821977902427023194727305,333.787191532574400033259787037620437312,118.788449882630456237324494647043141105,0.55866057747947294449005455626484857402,130.070351058270651160064060995948871477,543.355364852714941900449009861443350931,0.2830736761447123841701536607947740124434,301.46681714034655626739857486492627667,158.293296955192807002765836695566079489,0.364667993886685704485379320261762902053,113.140018130864767752176355194539465645,23.62974738957516621947282870668558981063,0.6522229451360462584857768803387250098942,30.20725233308905122641588489186282341322,647.926970538698929434481759546562423109,0.5733016098812585508488394015826870742004,728.056847578832837203389531132641897478
1982,1146.121237023317578109037970007855464234,0.231354972155131236056887616442041849263,519.715259880751043369961204495551861846,468.782449519570798234287347650170253698,0.3281347305625515668133041397424681724506,301.49465342049229832995890267846715956,677.338787503746779874750622357685210542,0.2264905490941397140704728306899912225244,300.685234452785557929905478459529362044,988.139850461317021884355421054425790006,0.2297220049929872781885720543306964883834,444.915036616430967798630286832976894343,525.20041704995840936498112448500176648,0.2408217228659107190469894609444197469807,247.900151796376997288601264686356677881,255.378715297361813237713783990473801249,0.3249620139132151366902107799394667165774,162.657228001856581761532091101783777524,269.821701752596596127267340494527965229,0.345595074148262378270669528684005822486,182.768140007037956781595430756646465773,152.13837045378837050976949787268344406,0.3463271352230243945947242237525403768158,103.271706153649098671299941021181972828,44.23352458735855094520524588251719888145,0.6513335977896156378090057913133202562616,56.46913019630335015305405944990363165429,8952.517122505583698996343294684995489779,0.388170251874798321444218790026348008912,6811.197619658616764626485312007746435965
1983,205.683747746524821073496154521052676394,0.2511907270242187872594471869255979159855,101.26506626169056121845479557890806224,151.953621927309145304566106590289285913,0.267560612866656614193457913162241932177,79.68733625195096921268867844148578652563,53.7301258192156757689300479307633904814,0.5174476236366050602396748021850139089504,54.49295080878394030420535842561388874961,168.071772024219975406496057117726896454,0.2698506011399969679589207935175509806724,88.89436668218455938894301104838027401471,32.59767989447098013378580430544931929403,0.7073809478688793066289837387876133456193,45.1955962960712953311351120336561604018,16.75275922072711516903390882472839480934,1,32.83540807262514573130646129646765382638,15.84492067374386496475189548072092448469,1,31.05604452053797533091371514221301199003,21.13244592474469563514424362531407118725,0.7459387954518793388421989202787341780871,30.89648206578982788913428509811110201517,8.73378101041141346581906930551973560809,0.5393333288462730267790490188358411965771,9.23242160408872498663650316790704216233,526.159047799959946934047753097619984782,0.4663668077384262018582357856911069012123,480.950906350908351942791625280773730397
1984,918.152300072771700644466837611482036041,0.2503909591266617410485862890519651383463,450.598188677560815783324134800616829868,332.432993094388895438200565918851868831,0.4217053495207571047357041254858302907387,274.769992228397376106100357300690725711,586.136744875136305650600695505726298009,0.2691321034771227744938080881998276938271,309.186501544019028746023009907200656818,676.009399206763685609380468259103313734,0.2723701479248269014399500162519075863588,360.884568918618389454469924715657594862,498.215453326498685417239487278415728752,0.2496429624832370866956005292174396795885,243.776924177777895492626430147658392881,368.896666182748955345207592157934423763,0.2932217028137948539652291900471342387637,212.01027689605789260660795634407834224,129.318787143749730072031895120481304988,0.4915561661126391004551452097574532762,124.592196540847397665787927074999221087,87.92129154863762023336120822731056925642,0.6045243274133236341999177940407472298118,104.175096891951750054379866424163042933,315.924653726247903974863232270417680818,0.6685855513666195606607341898433400972597,413.996411251668758953575598412002122484,649.92012242549874172134577376168279466,0.5644526494151096699179524328969014463473,719.024304622079786911574340129489398663
1985,215.664091536514415462608944811084076431,0.3996153479130900094729439203222156715557,168.918054704580409431699165491818634037,11.6730822923994427256190734840797150687,0.713713131751617032667363011813276823433,16.32921495540139244030186415043765124624,203.991009244114972736989871327004361361,0.4047027735090081813830771819662599041529,161.809225335510309821396311636946576632,215.664091536514415462608944811084076431,0.3996153479130900094729439203222156715557,168.918054704580409431699165491818634037,196.98626490403993674899603579679235093,0.3965903914144673891691816844368465735862,153.120805407071631467257052157636729793,114.749287003501630332789594532121864012,0.5290992934081970400787939205767249051974,118.998982678388356061239112635097541024,82.23697790053830641620644126467048691789,0.5993637902276516535636552076779017710249,96.60813887181516209879088688474802648233,7.0047443400750359879938355302120104314,1,13.72929890654707053646791763921554044554,1.41783390883313975852441739159845282191,0.6546577474173142321124573817000874734056,1.8192640678184343266716725249385672257,223.425665838518838196757382973221934026,0.691031440200721771927819434175630362024,302.612552898705876504285562179283649124
1986,407.399185357833096449659881876268216726,0.2698270955141516915838453580017919088717,215.457584243873815614494899468917232173,217.650397957246208078739544583720556242,0.3213425682386999795614305783816345815367,137.083062201202928662184169550633873598,189.748787400586888370920337292547660485,0.4546534582688832148243057909364218067181,169.089087092247691025461602590906993014,236.678099201982521673067113406776219537,0.373919340082855711722503585794722325269,173.457096584713128565915500407503435001,182.393939611965841496653122580750349874,0.4542793763174415564769002745096106503865,162.401298056769683753949731678522441625,93.55345200570584602460416279741529538784,0.5774248337625958174879673107068156963966,105.879369485730901422026941084038976611,88.84048760625999547204895978333505448638,0.711539722983357804161179083102236334647,123.898530444486752123966369509607981039,7.35484778862104687426721471179731061097,1,14.4155016656972518735637408351227287975,34.88619367034316344321775755931399844819,0.3416135584204273594345612001304576303826,23.35848964856143016350212717032292043733,41.72418821254275133900087100774049484348,0.3650916416012911165001897516449207263485,29.85697864323700822541353906173858064423
1987,2137.921904210401845706359179174665116438,0.1915622192880825518357903664633708841391,802.708326684890115742110225099586770294,1680.042219891194608539646273209390930739,0.2110592648598453373866375813925404003735,694.993412692926800548759872613022087023,458.689936834668478242462685039661906086,0.2943065833169292391047970709213420452937,264.59111749887196213336038162185431255,1178.296313086707651048876738132460304492,0.2210096549056880739077254594130201751135,510.413128602598182569097383734936964754,359.273147881712961152116961820045682675,0.3092138372019917749840668539827902127972,217.740768173880491082627997312017321179,319.674449762717908623437737415804853381,0.3360105806824893777377588722241910983483,210.531435088487201374325596301435400295,39.59869811899505252867922440424082929703,0.5947144774473270090605420582206731452503,46.15784135648788349998702964302673860115,99.41678895295551709034572321961622340751,0.3685574186914428564859555891007434055397,71.81595841774274527257267223052696778641,790.196084246867797917159989382173596214,0.2921033368932426261815125648900302597845,452.405069496628555354648604230719381155,144.012107530777452539669741073252398648,0.3098890165915987317393218911109900266235,87.47042994479254151952670034617670253986
1988,11530.8696435379569659135970873346746376,0.2604304908933828057479781597530304684726,5885.86048172062443653624351677505168864,6748.720406294311298605216738709125694169,0.3201552976280455723548718982453379996041,4234.851636959814951961065495359434141417,4782.948923727188025724948036697206527969,0.2708059072801950124537845763132874359624,2538.691612618955877946456185359839145804,8074.856551458943910354842102780450911315,0.2743867189507468746972293039008885125869,4342.641454499414228023322468566211225101,3095.354291386700503006387681722798082151,0.2940745373175535642043249289201585775888,1784.119166903957739125168921769575398209,2892.539415259572932325531111858800239253,0.3138014906681515121004189104085764847425,1779.059033436681121804605382627127371335,202.8148761271275706808565698639978429,0.4566315839406253271876725219490566374549,181.518889139997882874759111960738318627,1687.594632340487522718560354974408445814,0.3033487397059242137553205786007186928223,1003.382221515740068363751500773118069268,869.405344679623731007815555896245840522,0.2738836002562505341502437963969878620481,466.707097130448284999721802247689604834,3075.053372252658962515094746599362821077,0.4720586490938502311746173469879720223985,2845.146859962274342871119289228575954791
1989,2584.321305046559376488405608485730217423,0.3051290269929536392942914080643427259923,1545.560832682192912615623383086436523789,1287.306747962908811573745949668615241204,0.3565691406672363074731764356228520780219,899.667167356687137957199937364026591187,1297.014557083650564914659658817114976201,0.3542234386022172095685084221264567078837,900.488594401512790301473132285794619762,2147.581964578105195965303510580648872539,0.3238728962349344357220965421599398983813,1363.265437908849757849076502136497305983,876.068686152838776988861002808669300857,0.3255985100547428036491671123804197773831,559.083451477281572489006415239321877681,811.88880274505412540571191499099287947,0.3470210960036805032291677419839175936754,552.215382636941115054166198142072751784,64.17988340778465158314908781767642138741,0.7334126798366728544808529215468981029265,92.25786695214877176648821776476327407409,420.945870930811787925798656008445675349,0.4710570742439737744826703894101653847938,388.647479536469236087883976628815951677,54.34585973276897223059607789160619950655,0.3850044710991229433241649749845756420189,41.00986200637000854237527816897770092423,383.087425687177914876987936903650715444,0.4339805160329112853147702767037501275259,325.854858223464410272845304358619777573
1990,3954.985320576539766077305663064088910556,0.1887471143257630132444829993375855403181,1463.124450260766279351193910858210893355,1003.957613145201668575517949778995902932,0.3413997923653168879404487560458854072763,671.791804515847933163799178394332269224,2951.149117651061721170749869723391347176,0.188096371549649858578371904374112101725,1087.996864226946280451257050376421995331,3499.351276355852239402931271102821212988,0.1853886547068107224923581809464986920292,1271.530449921538052139604507515425749057,2567.473920397109161212426880209917535983,0.1931021746490582735539432910352449782313,971.738202871512828525790083496431484592,2396.677030847932536813783450672293876059,0.1932956266563460197203299508283848998184,908.003689598418846112279869244233297826,170.796889549176624398643429537623659921,0.5946633868249652146337445752072956354502,199.07064732502644014041355158876543751,383.675197253952559958322989513473811197,0.338468375265150579727032480709823716164,254.529364462399713098907315017497457534,301.266180203492122561936495694551227693,0.5916020154134061471636174736766839161622,349.330171593197307522872943242585013653,658.449839713460849260201816543060664712,0.2315460366796448855637749617617745131304,298.824443446478630839911283339620130218
1991,11048.6049092505048743545620762461153771,0.2047345904569437402195087510631721734099,4433.581938383321141401687698606999340384,3874.373971708763096273489406434497527865,0.2624327755461224752833790846822729360939,1992.854921202402393760431221417446077002,7174.367318474769417139665016167696400573,0.2277965946995500595588215431973841169688,3203.221030773697872867510583655493166542,9741.791053564062280096414042581784563065,0.2118279127022080195290476100952297992248,4044.623199120737775902801891781250469365,5657.815471978118074569395579919186458694,0.2351440342409661460757929432450423544378,2607.587047940905641215317327235931378676,3917.392915742456519556979710193135016206,0.3091266099735653684843785403954636200094,2373.501968276735702317640512627788111171,1740.422556235661555012415869726051442477,0.3193909054254931454134480671150658182149,1089.515266675756042055482332653967044148,1516.551846496651342570269436248509941866,0.3299064776794518683034586797971830595149,980.627744676118883523539590727328931317,255.899752284471528014178335093232545006,0.3425836402773221276957407045486103973248,171.827454620011301234651553114311942824,1165.266106419345855810004653833066120912,0.2190655765812948272713921579379841599397,500.328595287853136704846958389847459791
1992,4917.667624727948497222865426406985707597,0.1959023428255025594287403985291568560797,1888.229913485805690824466916102002345396,1113.053299222289948242477432044982072698,0.2197171459441206417538155870757040439784,479.33151261006537139765064452767075715,3804.757702465251151780896102236660932052,0.2274107262155788814378446677426880430814,1695.875715896202721123092367312757012781,4476.311625370878688582379042832428272206,0.2066108801252810135345180531136934006743,1812.715181880492681906359255146132008001,3408.601225121560390281919884755734553848,0.2416553096869018816907555162350925005896,1614.46490592557151492449856974401507549,2203.711847498212920187277723414460130966,0.3200034446601665475103250672359680000732,1382.182949186181610336413562605860228043,1204.889377623347470094642161341274422875,0.3559770661808515546284402283983492586754,840.669452008909549098527677212978399468,396.156477343690761498976217480926378207,0.2387935659587286527427940162790245081468,185.415251088994497470108115553433348434,169.237258259484728510138823155073459225,0.3475327172264885528497500467558503562908,115.278349069004252043948583134798693033,1090.492945954580192930477158773650409582,0.2753876242456557924576132079687323219187,588.604192820433193710730730235555003369
1993,753.530951295569138083337157802825408067,0.2874984561258219398065989247716017596469,424.612410875376183559599894375943399002,193.345913257506229729138551132348060113,0.2993494494228922376680921814251680017538,113.440865656329510934468099870510675297,560.474833760511341003602092275688714486,0.3386428384413812303889193557039517450536,372.009545616056855368734821688767367666,686.522485453348897264006497525839473552,0.3053748268482710122308561905987753581178,410.907502840611705577125012781689206481,493.589209279221365793940066025769902827,0.3513733066326730000481495021646909802599,339.930782261987050292624622068803328603,309.487342604052724698171369371135206937,0.3727558853787606690047374312365484446061,226.111927675551281392885723035692019433,184.101866675168641095768696654634695891,0.6033803396737843672864739632720530153809,217.723555824120393909022211548316296966,66.88562448128997520966202624991881165791,0.4376746114706854015957835369235239193995,57.37731382733259724817645881681097519944,29.3096017367950861369052836880733685144,0.4210109399487271084767793036714442246931,24.18573943439264979202233493938898626655,108.80904888530491896605894686383895225,0.4435384498221900700080042784815361938509,94.59155386366148265474777311202796662535
1994,1694.573236384089153647600833732611140416,0.282339953376741792913599265409256037171,937.7536279661500345393345954715732627,147.662308732558937076148972560595234151,0.2973468799532493267053579379193396579791,86.0575765051068903243527385001805771184,1546.91092765153021657145186117201590626,0.2899168383181628569668441241886768073401,879.012029596914092670797284668909012733,1655.310573187402941520117626715409218592,0.2862103596810638596157301336516822684418,928.583387690235772895421377348908181507,1436.844655457325477754204631269651696615,0.2912194379903045137027187692053140339059,820.136702361643899854851300728302923731,730.413554513540498161923915708017139324,0.3962998292851859139352981594427370695492,567.347023244151792013605304886627953329,706.431100943784979592280715561634557287,0.2939179364693670617393429311846239540403,406.960232036473629865644033083246429795,110.06627219420473881724722990236420965,0.4214996482726904034122371087793618717651,90.93007423242526238751604289578071358622,6.39663762801696449453053199576677941387,0.5270657848539381558628424979178527900117,6.60803971040050960494708174069142575178,178.235365988287793078622904779242634471,0.4263880442012365306595911846920216158139,148.95496105802574635670473018193480514
1995,321.569634359237452827635921249436844221,0.442136221169102572879240299092021620449,278.668062637513582475126221927383384567,92.76163840662006053605467717743638682743,0.3761393423510546114778476099786831191712,68.38695126471790193203607723482397529545,228.807995952617392291581244072000457394,0.5555747922550229097406671691560575552437,249.155111442620519736380076941580145111,288.146840978437955831369014626906793973,0.4590531195628651039397185849672685300463,259.258424236940043660424284252850138968,199.96254036727636427867164343078963339,0.6123356409638701990868602334271818958888,239.99061303613748469550208740110328383,0,0,0,199.96254036727636427867164343078963339,0.6123356409638701990868602334271818958888,239.99061303613748469550208740110328383,28.84545558534102801290960064121082400306,0.5924504891556091576324364036114558673164,33.495428372045313033412742007210378241,9.2835461071397826886271281103501164522,0.6179699202966951828873337064484791130729,11.24442640588373804013788297857199416853,319.894889798095051197918073996466347342,0.8027766237412734592350021460446623624566,503.336113585034917628384564118283263731
1996,283.831580926585689691670355572505887557,0.365087605964113927681977327006256968822,203.101849059893787905676472895299549713,55.59762647379551577053010041991773414007,0.4406016338708218519119363533282006936752,48.01295392484016944860739154737077136392,228.233954452790173921140255152588153417,0.3945499803383921251305228432123331794387,176.497416394127620000449864744121616052,272.024569960322837368571876717628707076,0.3744428804342584215060294139638660600383,199.641020508674109459136435994454434155,184.47467323792100807531217772612593374,0.3869872332505624842298861470103438032142,139.923113066243482623586367884450466386,27.68933435876965822411677545467963223006,0.5683491761810928206245261862491699806637,30.84493232874674404001824851779058024033,156.78533887915134985119540227144630151,0.4465730054663748803100619117177526331965,137.231555992800319861703028017819729962,43.75928121486916584582807742646221967732,0.7853032333190309901530477808958969679266,67.35403785047684123321039100399894967831,20.79843348365247459618433579012190755021,0.688207742168403262851353673072953688291,28.0547401789114075301767611059911938356,123.904882985109107964891525232104205899,0.4313624089094235999265918482692008611957,104.757901248189958667046516153920473374
1997,240.096445673543386884179414417401500646,0.2528919382343444555383002896745254203983,119.008172798736371617572204338649026761,81.82187815317968918155060226474042452572,0.3536621030088981229903529248581826007378,56.71710309959103844996670946477041128966,158.27456752036369770262881215266107612,0.3172710781367758255265733813310568559888,98.42324765048271543109104823687021919098,226.351141195788327169861642459213430441,0.261108214030642774632819445583692029051,115.840198754003077216351995130193730856,112.676788398852428879899076925398134787,0.3997565096627300965258814733543557960312,88.2848281146492410369141733932494467749,56.97854886027043907667817761391564182116,0.6108152535155724204792304144026065841287,68.21459886338961575887894661401324764757,55.69823953858198980322089931148249296576,0.518911439742925200925325056008502756183,56.64880919341932821137476190400284990485,45.59777912151126882272973522726294133289,0.500355623748333986157374661372747195026,44.7176062192097615895532506649448385782,5.95742120816201447340785471441108661498,0.9999999999999999999999999999999999999983,11.67654556799754836787939524024572976534,49.32017999942743457373656927630159320312,0.3598157048061266028711244913620799952285,34.7825036422116618030278089550129936805
1998,244.243786628742650070447505324539494063,0.2882117586302040576729671436871159075667,137.972105306389666286403966833375248573,93.13924079895606498532129083213260378641,0.3085631600178169784675955641473103687008,56.32910338666908520324500760206822836155,151.194627483389765011858060163647729587,0.4182553515825626987871973914893394969932,123.946405667901174804833811531135049673,192.558191082864415847212744925716414563,0.3418015593930136037717205519470384293364,129.000712372601050505465832268257056807,139.252780100390515422135116046350468511,0.446580867131427796953558759102338398707,121.887749483881081867131460441260859757,51.25503669834066652611776899293808421759,0.7062023593345939550429571076392577549701,70.94499857453277604104697781675124148871,87.99774340204984889601734705341238429315,0.5779536435099351979183825381220100075208,99.68288818293945824889024612158309321178,11.94184738299924958972294411729726107587,1,23.40602087067852919585697046990263170871,65.50819441647143164145385122620709773247,0.7496417954053620184735508340271353945102,96.2510537332092247743903104873173154914,71.50409936542304379858827995527821634343,0.4062645440726127074967256636633628141554,56.93717744291212147560898140333815589282
1999,206.769021729292448117301323380876643776,0.2731619533966174493011935832778204647431,110.703602559863082280150559214019735659,91.47444258102510083432731052243874156462,0.3004140078428446315348715152433934784548,53.86119966547359450011109893767101053787,115.294579148267347282974012858437902212,0.409773376155981659787524006667198842735,92.59951194213436832284859117202387796276,152.552344604649851125144756064785632001,0.3387865843996703100566110742161499753737,101.298068030710761035727478552983799633,92.291770397757798082064109428921744003,0.4820506833061479449009640425631746084612,87.19904952819559758225733438550483507876,0,0,0,92.291770397757798082064109428921744003,0.4820506833061479449009640425631746084612,87.19904952819559758225733438550483507876,23.00280875050954920090990342951615820895,0.7059430608452987548653866423126972005773,31.82779950605251730195353911889181084645,23.90088617904964144026068166413861275541,0.3408084145860845170048022737904284159854,15.96542132673336061116760449718326063216,37.64075555604434494401768420621899674422,0.3928858998729573736711474024098165745551,28.98550335232762482238128242330094943276
2000,213.589220954648298630848597171453899402,0.2857318003337539776780633197588753899138,119.617295965101032482304954344576182023,83.9689827915103499879651013881562786945,0.2767295037804865439661681579525408289017,45.54392208405987098361934950715092147256,129.620238163137948642883495783297620707,0.4360883013338048332964155130557267172062,110.790704178930259654608986693930047321,129.620238163137948642883495783297620707,0.4360883013338048332964155130557267172062,110.790704178930259654608986693930047321,119.177294411811153206411839382912855764,0.466756158805431817528238106583516726533,109.02840286670281593521923918958407866,22.23669437504716035630140570157941448414,1,43.58392097509243429835075517509565238895,96.94060003676399285011043368133344127938,0.5274177197692486050837758074957678053824,100.211252839927493105020862939714837036,10.44294375132679543647165640038476494339,1,20.46816975260051905548444654475413928906,19.40931113967790634041107154069830086528,0.3420958647420062487234859315885892429412,13.01409635361454567257501381891865928678,30.35597603158552043371883009795333676784,0.3927306208691021427970727875843379486888,23.36657377538544308386106098300528107854
2001,929.954918018204593602162195401658392326,0.2044302480191642988847787671650943663362,372.617392492722208462876076601130965556,607.839212092208819496180766340179821464,0.2312205471295751673212764838098087581935,275.468033766069994375087526216836748273,322.140568591516264220537458923443507443,0.3085541166916462187469676259024346806762,194.819685240907945467921072830824461593,548.47728328011187040340651360478876931,0.2435467483962260357217272257672908092788,261.816523467651317550879282136551572018,272.847484963774737324010611815590654851,0.3563900466290758728677797285161810542109,190.590650662176883194537830879761039881,34.93055603554042111748286128948683737786,0.5903378903663764532215939650040662265622,40.41682828831704366546880391597384334562,237.916928928234316206527750526103817473,0.40027448143205647012296511559914687179,186.654867687286594295926654878662625126,49.29308362774152689652684710785285259266,0.4533871814765667314747019458562648981102,43.80375041445003892906646164473982602625,87.93573965384200315775505346238359323006,0.246904186306600521027805190350090655812,42.55493640314181330793232456955672879413,305.727333940634573037826922611438946735,0.3643625287760116636524793626928697602399,218.335345640693272303481534451640662053
2002,539.148310467923215613400179540730325708,0.2146873632851782564734614371471597790027,226.866725220273528556497219679367849182,242.531017896271003857556726233688228619,0.291748221608996259807115768552235427785,138.685666586263152962921304679916087431,296.765981535772740175797372398396997661,0.2977796693918217947395818831175084336061,173.206916702185319554273192647956123746,368.337870648922465037634523484250886045,0.2478615638637915561914819813628972086543,178.941729272629742326575736673468465907,248.914941413151301148310679033165273536,0.3357661049374602689706970234340650684611,163.811312664498671967110341671325575921,185.453236753058324159571267865349537044,0.4037727885046893543770389165786877422411,146.766702260365294737239956700315681019,63.46170466009297698873941116781573649201,0.5970080386732702386311165538743474263704,74.25880974676950657492681988307994290147,47.85104012262143902748669336523172412504,0.6225738796901982765744370872108102776442,58.3899830848494699229105950200758644215,74.47414690334544940498049194832691659844,0.3257897607564037018632319168472643276261,47.55531242426922803629327474680889530382,84.8741415881929991864232394444405751115,0.5078736038873618863056749867911608055091,84.48645888387392630353908433710459307001
2003,451.961154842540136640754175841315435238,0.1963684796003635515264434098011850928603,173.951812637114026595640270112247975604,240.78476539082477078179815123500884798,0.2303177819761324462906551403960238457014,108.695745672978034832058703480424114687,211.528518591481961351627539587592176218,0.3058094367910452579284325293354804759519,126.787337585982279324924874498813094967,318.539705356368126375900267347563445764,0.2431449668201925622515420678745753477344,151.804599135984564449035900733144749543,189.77678383593248263136124949595658528,0.3316743920972199779467751146627671477174,123.370434849378920191527270478183328671,88.76380984176619151083948020268510832508,0.4175937125895345490452393931359552710959,72.65172943501263394520602704933572922707,101.012973994166291120521769293271476954,0.5092222486752256219805946433197141025243,100.818585374855633853328795600260393026,21.7517347555494787202662900916355909384,0.7067331596059013517281241433077538402644,30.13043757217000348048839452569938797555,69.89644808318208653382268911192887995404,0.2787302531767681465737346201802467433402,38.18521915394906026460764282638273024112,77.72153289277562766960924355884194996724,0.3898384641578942124210845536909292985643,59.38573230923713891877636071828864738765
2004,398.43360069137066876730470595537113596,0.3165922166339741467931680186329472533518,247.236314575700077342789628083050926933,134.282815193567781658402268029741028244,0.2719569138468246241203485811396674957338,71.57751440530412428205704819280950826103,264.150785497802887108902437925630107715,0.4320068722639417674499679944440991864607,223.665311111979658126944125432504108931,334.348943574373403998078637525205033183,0.3606814711546269740259925053907144643274,236.363198940904710835154030390379249306,238.336067353087270187818788291624481161,0.4484430898750103636560371692098179033928,209.485118446054994669292346876815747505,132.141547864485991487654980535469677411,0.3961423588956587012717464436429231805179,102.599854379155701649653572886363098723,106.194519488601278700163807756154803751,0.8802012861312110729029855610376925403713,183.206203162547497195624151619333133169,25.8147181447156169210836496340056265541,0.7108334819308911579373005036668197863325,35.96593332839060292940608049035094748967,51.75834843251063594528042431386779637443,0.4731322768429539833925380275099882972958,47.99754866942920330544334351436404324422,21.35687938221334125596023207523123844499,0.4640556935995737953456593961706131449641,19.42513169067748038949393163088885312208
2005,178.367336528612278625997619754581887446,0.3152059174905583678490802922121649089204,110.195982323262902233388286021624794373,124.199259486360932439262092346863859485,0.3794495606445787283890725651666311476269,92.36961471118409782122740203983190844532,54.16807704225134618673552740771802796049,0.6044467937808201511636221070423476947311,64.1737721671841045014818464570355508426,84.05787643510026427333370862632235021042,0.4380081778248859038817884304545514032293,72.16335308676865857833968578561317994549,54.16807704225134618673552740771802796049,0.6044467937808201511636221070423476947311,64.1737721671841045014818464570355508426,44.17044645198963227737408688611523771851,0.7115286828326355430623559548390382548512,61.59993758486274028165373770855223606999,9.99763059026171390936144052160279024197,1,19.59535595691295926234842342234146887428,0,0,0,162.79455659784122767725656400545666063,0.8703659180606011932645189387694959777765,277.714034068755219411425325644439121803,54.03966510982528083873292117713152639478,0.6040050716971169749474969991580866822564,63.97485432633049046149679053620380241386
2006,941.393407189170765159543253237995328478,0.456832914475583707948373641562324423112,842.916607993684442356420679680022121259,732.593254457236820105986674906923185033,0.5717652463462844998588615798566250283651,820.987870708481859469800085228521906363,208.800152731933945053556578331072143445,0.3426169169511011146967024787556799572125,140.215390592351112325008339886637121382,548.884277233072349754176247372916322294,0.4264371371553380376173046533762513053036,458.766694033182591652926817367317169538,163.482921875026599538841577410460101867,0.3916345111835447303231939932844177247375,125.490086222952001491557728131351315976,39.984783029053731572343116225908701571,0.7536145980332873928570599621009120400126,59.06090773218153726375601482283918189585,123.498138845972867966498461184551400296,0.4587180481395311389629902825990004287685,111.035617392567385949982343758736755461,45.31723085690734551471500092061204157823,0.4646303691410428899160917094733065417366,41.26929293492964992279622890084940411198,78.38925167783826886732322075530641803683,0.5946788173958445241884279766810740298814,91.36819786927128244332710282867265447573,43.23426679476250168152728672021161889542,0.416755823217295580513236317364421790047,35.31553960052496981494945210922916149334
2007,4817.158763589580249339188309296148181137,0.5011750653418485963876921679156693475344,4731.910121883970294322303018922369483202,2106.188023715382120119934686254501674121,0.4694231371154697314490936568122240514679,1937.839043317111829501841142981875074199,2711.170278817468073730226102690421464108,0.5373255759939097899324646231199901821766,2855.29101809900346870162084605305922348,4452.915895734963700323814006511035846791,0.5168037452540624372336268238611767575829,4510.515879945667768745048818493313351479,1311.601067496345665270109168861243643803,0.4457284403831177455421174993994886000987,1145.851080511157866098427449755459188075,1127.943257051724249844781991080280902339,0.5149397302689453959441991892912050036479,1138.412681227985629154984798029048445968,183.657810444621415425327177780962741466,0.360819662552260038589413770697629345344,129.88400441184186709763912171888202016,1399.569211321122408460116933829177820304,0.6328519887996845289355142024166262350233,1736.011511340861405384495291788441483806,93.72328393207192209573042426835880108746,0.5125943362955052154410733157273075788385,94.16236806428736663334906865986235105559,159.057393131311441923376772872108496201,0.3004803412968697669654238070251266126659,93.67549475681822811554202816132499580636
2008,4141.667781961378455652824971534213210664,0.211470912733706022333636558501107416517,1716.650841538666632051652660070771499158,1498.982074033892127945732591394826271731,0.2145091957795173067391863986057327547917,630.229060810289221676042997751159075733,2644.468221961452710817942721231731679775,0.2928176194574526261879762061603964030885,1517.719903391844650116651292363012311425,3413.717414737934796255267025034519716004,0.2360918947218211404528297760791265083045,1579.663984481097636885014500103647467928,2088.654733688169050703782787945232946747,0.3486232375954176725451070049887303657631,1427.181007935634191351299608249194513823,1663.344192181269437363673615260288261814,0.4086706108949205595701113818291205836017,1332.329378808585552461998603802040942051,425.310541506899613340109172684944684934,0.2978770291452610572348806190426504902052,248.312871513745497521447309560591810999,555.813488273283660114159933286498733036,0.3416134184695188176779695384755663910065,372.151757690588312514229608830671394794,499.690707756863831940067563490365763245,0.2779085499875935768212165905470686120345,272.18190726856943517782202558036244372,686.640831696049709173634883766569260993,0.2038124866372064168670007906950354932021,274.294111655838406025910515247817970486
2009,5285.066307686848468144240587946249993612,0.1690790985785460744091203469076596203406,1751.444724573812854690854980970525194533,1301.010135602897958744341785415710338161,0.399088062953204140139044900630646365727,1017.666525204482151294812628932232381845,3984.856600475237291060241169563368769757,0.1600736786305313777291171993602928593331,1250.226483512320810768638581747597369205,4931.966724061520329215324142818142783332,0.1612350126384824842074064012154639658453,1558.603205489803198651626941973500396271,3471.162352640249100819263177290547905902,0.1734370189525139772579678378264812076162,1179.974979454554982527734951924638255503,2969.063600632081426561437272082882684584,0.1862288353872126468862399000712863946566,1083.733502811102456005304832222649318948,502.098752008167674257825905207665221316,0.2525932622411569047518689504501462981372,248.580453004435140619695124905983545666,513.694247834988190240977992272820863848,0.2357814312885946963822686774590618812249,237.394347398533141586733670183093253227,93.00765893604185233178028197025928376777,0.2514872966358512673679578151378360271589,45.84487963601870278251300557550895667999,550.056821111049106184869290159064153697,0.2726255644748961210932619286676163593597,293.920720643386771066471803783313026058
2010,5477.287385756994594781372990715303989424,0.1313368028923992567358275406478719092525,1409.964050985654773928357102966373990632,1399.010928260086440419780923315895714355,0.2370597319053728826882620271627028337458,650.032344948604975402398128942506341953,4079.370852012516085216326227654090471956,0.1398154920967903463124575401118526053198,1117.904116514088374466715136077097399321,4615.147378547602411651136569740007528207,0.1394628104501580085692523792640766286725,1261.53719114569869237358747255803917935,3453.933211929147671406117152301674041173,0.1430260858110119903758681215584396010817,968.244993991569773813710860916545306571,2478.559721201356481460695123593718881768,0.1759016798086493513962165298329545744487,854.526324192137377700956357615709518036,975.373490727791189945422028707955159404,0.2194791201760857162134447580270325971236,419.585266552505694822634416512334019039,625.437640083368413810209075352416430796,0.2542500371130902456705438986080514918958,311.67438467811519738244021984385889803,641.724801007484230155179122056139158711,0.3013325066982945256754737150757007930419,379.010184080176948189225708081515999254,565.825367641411849279880129897447022955,0.2101458551443590821006608249773902020358,233.055477260936680065028035991763272602
2011,7784.480010701973757808195367790638744084,0.1436444776314312266319045474419685932809,2191.667226948422242908056372586234906776,3544.972505686886267529450662695079030552,0.2346283198342604957868611027843164757081,1630.231848021206667461914546620367782936,4240.447246826977779748909057612931218521,0.1663465013441292304342534098323575199312,1382.551784742265389474648479523253036337,4974.451039472727425173114630207808821425,0.1479551727392767062904045923295371188375,1442.551695143393432907169972023057000561,3907.571966507086824120146469754067469871,0.1746470912564566715223553180560384876613,1337.594312538440688163709027393905424892,1581.216158273502966337736625892756930615,0.1739686309228564300271318433571633988785,539.160740085962351549218221539209971255,2326.35580823358385778240984386131053925,0.2538650633610843377945662254401445761576,1157.537710728984849274070833115548052802,332.875280319890955628762587858863748654,0.2278136880038490240127988898731538339814,148.633748699779269681428324631460252389,1187.973277678560838010885860488744015949,0.2947939270826181679955630138724589854565,686.406323280302235191248684647719637669,1539.091115468461094087958607647951645028,0.2531492129525311665316984632187271320399,763.654620904425417176070852750620158552
2012,17566.2737387387947947793657580886496491,0.2178364723965352923723971461156697453169,7500.087204621562309801659899256691379294,10632.7536243778207430869717293788263504,0.2697760415892525759025130445699031552585,5622.185880597716979543023932832826128267,6934.247761595578580311680318509016614953,0.197930402798873956652563933865834752677,2690.096967017213832055900805974902424327,12028.1924702897168804141688286972991951,0.2160524565027212283539355690968091797901,5093.492239767510991915499427193130485904,4435.278953847066777058937198589787240215,0.1710550751702384244112020042087670691147,1487.0068707085214361335509737575840079,2146.980980758612431022188897298742181982,0.2412330107416885144330951361343031737701,1015.128464547344856815975147728678758575,2288.297973088454346036748301291045058222,0.1805588372305554038610138341021999618989,809.817945665460633247968029022542089241,2498.968807748511803252743119919229374718,0.3688198687392039114611657124232507777905,1806.471921408055194847358318216087971674,1918.380864192537908772707972829974476516,0.3088679679946104574276872756942630687437,1161.351742751272140643915058169393059534,1599.523740521129288570046087784166947812,0.2020273293807445997863993271817700539064,633.369118774022375547395373530241893768
2013,12408.4980595376627139341725041702896207,0.1572475704660389366848803280339061033214,3824.364099069917812467410462757394091273,4981.46526482138333977655177808748029403,0.2063770257894161988751223526410095704416,2014.997571437162303493544211791839177424,7428.878372384129486934136110508087153041,0.1680692014137118349972134570154802587868,2447.188684674544182265033249779146735005,9898.159341119387515194242835301940264212,0.1678674236940229958464074280111648245687,3256.693875497013844933508491840401869323,5591.778376592895365872433872245678277249,0.1761367064047834352852263415625650642688,1930.438155349176332621573037258195609325,4202.544292415210465281567467100459153153,0.1875522351583718551576075005898247748733,1544.865287773280773192289004955034888882,1389.234084177684900590866405145219124098,0.3574549458668162376556437698095612295741,973.313644937897961338329776493088457925,1837.099995791234121061702238262408875785,0.1835468329879882233061749101387581222519,660.900016775065933650735744395477409043,295.833496798694463795652290012857067882,0.2024951903609402122892087090507644332719,117.413526088812695376655774600529409005,1563.199123573849717468080966458279449735,0.1964924497733855900774838169558089275359,602.027377538284678276576086383011347067
2014,13362.5074646468662267476272566759945406,0.2221083647343739225782389750728503915673,5817.132376178217422581233829234899201476,2910.660615589120636282574414783069290601,0.3058817166347538278814574011906035216146,1745.02301664963629558959372667115303052,10453.5753825308569638301216164639299432,0.2068919703197065193241043999039717527122,4239.011183243682014829187502627121116416,12407.9754540676223619357909454801952996,0.2141601059870854588651983694122164678415,5208.294943123422580525989245428840622746,8556.382010859760971314341138846737920726,0.2006412987096885251397050325144163038623,3364.856653873632587463506387671935734005,6186.091643452057468483063778447051375887,0.253653059741990663129784110365660290149,3075.477303483708917365021360972430694639,2370.290367407703502831277360399686544824,0.2511184553571961643599732739342610115772,1166.63836539046843331754391100621917091,1897.193371671095992515780477617192022452,0.2748361355333383957502271869500631670604,1021.977897473915222821223652336539950877,359.724108098078108133294860140023210597,0.6099742710032552718432028388552157265529,430.068003174865924929354116987475154486,1598.463870723606151876085120260829344222,0.2379256561804402141488455995606054752593,745.418508032375088966094117117512451618
2015,6225.526366179214562681052337167323407145,0.158034229927450581141984597790401547328,1928.338679737456915114403567563946185768,1084.479755637304104881427976723656704198,0.2277611352269830774668675211690944512855,484.12458693828182395992867342970847972,5141.507216979429662659916365317177058774,0.1716045143665333913290952742856517457764,1729.319464200292037999238398751653270863,5816.934476768029893263392729351614932895,0.1623904184101745504838640079384001279466,1851.444270151983089307671947230239579215,4430.001661761851493972590460341396813383,0.1818676772163582099062625210214979178811,1579.121260086900380182740474081619958697,3041.527564995991157881470618944400147042,0.2411676776714562956553717858634379140161,1437.695553270652966218062519514935013564,1388.474096765860336091119841396996666334,0.1968269582842158058802874113124848875126,535.646700920782496621296343325491433519,711.50555521757816868732590497578024541,0.2199472103736170406544038691278572401882,306.727577589458207774123717717986607512,103.79492858218762674548817552927202565,0.4169802683950453862450426698963246506929,84.8296568693605219861433324581355809176,1296.609490264525303441395512839610023369,0.3124086336712806708879271091822778651003,793.94111854716185201506220198173175353
2016,4064.199033413818373757428265777205536953,0.192579984915494403844307261643355763876,1534.059441554864154833933831385879822848,689.826853396173761263032840971244235359,0.2394524108464522453038485621200477009749,323.754178100178522448904703261162448251,3374.372180017644612494395424805961301608,0.210923627559958462564347897087361092085,1395.000249055584496065552721899346395772,3894.262127713210153501804887260479174581,0.1990257936838254940544499924891927298116,1519.114877130729915641241303064127547859,2976.824557228518374186441512275367360553,0.2297877378312945451598897904916285265856,1340.714050615325040963014493380642381767,999.337165992365178067954739358089561015,0.2025295320292235561803536829835502822036,396.694765592974672965357996470636151369,1977.487391236153196118486772917277799534,0.3261224833472561454864808017466281127598,1264.010073682929883074046532719477217605,397.547622789126238307953912530593941052,0.2129462548654558352540254185926302902681,165.926303711074373657410903211020894074,26.03680317008315741172829698062334689965,0.3248611004474576080081202153567110561897,16.57835527873545185882528302011622221658,1355.987975564195302735858702374529795003,0.3494896324410007309837486209730380707989,928.851328781720702430204187267180590662
2017,4544.636688723741144528248968827126123475,0.1531475699304474494994319767798995757506,1364.16012758580071819688264531163034822,1045.41205315880198640354563055849199051,0.21908570091228689396677866772796241095,448.908271520560156118803791473144281172,3499.55729222601892006378727068775977925,0.1683524242740343452589633573954322847067,1154.751549902966043374617683734849869173,4191.629729588314427206910147965903639357,0.1565210840825300228650532767034113834754,1285.913721521541284795889669493532522053,2997.677778771938693865457594676547493493,0.1760947900602091203851617447177483476765,1034.635860677157147116347274178430025985,744.883030613068080475207118172802442149,0.4214598555399317623020140495451983107805,615.31905717360727379077658299793369743,2252.79474815887061339025047650374505135,0.187325999699148258371237084365337566677,827.133775499068691096102375983017652737,501.879513454080226198329676011212285746,0.2083177345052400879348066208839112498744,204.918790345198464360679420338051597366,56.73345371930090240777792754461340160204,0.5036071653712378876654060097267803392162,55.99989266622298389398854824051751634322,587.092454469534785165371009669856130321,0.2697195269363085116421552505311445559393,310.366586211302365234610199692513553556
2018,2587.286574155809672047021503544921979927,0.2086866196026865616422587858491882681803,1058.266894643823436095145912754804872307,1378.23718293808550426615796015152360914,0.3068015252475437738077704462065349287272,828.776728961433987641633469119593535142,1209.809583744443152567453512129185091645,0.2075024764729336688490930307233416023519,492.035429987815541278170006341144863216,1630.250831712977909577085983028908254278,0.2264406739555481478866809695971245276924,723.543990217372062085138491313103835128,954.190912435170833427129466784527370255,0.2191991743837070695324958966397730051185,409.949406012042125081466086930997488148,476.088211707300415696319070538464961801,0.353799390646197594282083482596367544387,330.141849623926373275184952321357869059,478.102700727870417730810396246062408465,0.2648946828164894108110607565171637979674,248.227851995511742722312574877621774814,255.618671309272319140324045344657721384,0.4137632967089836032466337518219573753478,207.30062331693740967121717630244755254,627.936980004718062023826887099560833587,0.3512477921406904494415576600400579569807,432.300496547094205420203813172320096765,382.330293217675107095108113982206506293,0.4856259770477791134955228923536867606417,363.912263509642806047168095882469322692
2019,3190.307335941511683203521149275096360782,0.1783512175750906322226694080140586151162,1115.230587695668132167369518110133248398,738.652196266060221432551856955017698612,0.2159880844510001050214810266308180253959,312.698542976179818310499836786701336612,2451.655139675451461770969292320078662162,0.1962939179059541014432701500170904976759,943.240185733480470364181926430450319872,2993.084846564456042223017622213066834207,0.1851565648031669635031643238666501378307,1086.211044374405955937940580996934190493,2128.17279063682492005481610112760320728,0.1973964439629751468290894736159544175594,823.383732380522081164549279701614970034,1248.80329419252158547462383885379809794,0.2912525691219618761566285580281356500262,712.885648812620526732761333706302995615,879.369496444303334580192262273805109355,0.2089082210107972896226984203638870514188,360.066733542146483005983064049182432982,323.482349038626541716153191192475454886,0.3930323009558084971155134726915135058528,249.192463444033058563112420914781057257,19.5258864945443768799491669269253593545,0.3546992869800369238518565155935900360952,13.57460331384532529604425019503208543497,288.859354252754037652806200063179833023,0.3654968368597514125359940576513111833246,206.931273342394686467077200811637478737
2021,1134.80286619361298458727818054746199194,0.236210334546037844563285460476773172357,525.382242748096047920725545497936329842,587.408902174724012355958662167165586029,0.2031527485622945393473928058864190389096,233.894116693240147524842513441342594039,547.633866994617871871127594384124718887,0.3438864323240353968209182003823338891839,369.114759211565142708125538671493031537,762.987261911451200044585698075916434696,0.3071788321623063078658008396940709330205,459.372130694603612468990055975762779558,409.014650371215717221082855685068142737,0.3599835362573568295084074576469459787351,288.587538834525453886252803124780705194,213.2384804107845913805679662839328519,0.5809116304165576827022707120716471321529,242.79051811303702468845374200006749265,195.776169960431125840514889401135290838,0.4152043330469212287738362951404535833622,159.322743586806940894208634010261067647,138.61921662340215465004473869905657615,0.4220162376102541451106915790459550475021,114.659138109382390959882683463057181218,100.086209684052620073428824445821148508,0.177444428906461102793952745062796875647,34.80909102484610643518789192399272999623,128.367617872412017428533227445991792632,0.3808851095481644774092115656993779261191,95.83089582371031233620684127745732089418
